begin;
insert into public.sources (id, source_key, title, kind, url, show_by_default) values ('00000000-0000-4000-8000-000000000001', 'shimamotor-acro-level-test', '島本アクロレッスン レベルテスト', 'pdf', 'https://www.dropbox.com/scl/fi/5efdb2q2boi3ripstgymy/.pdf?rlkey=0gt6arv6rv5srkidk21y0u7ev&st=bszy3coz&e=1&dl=0', false) on conflict (source_key) do nothing;
insert into public.tricks (id, slug, name, aliases, summary, description, difficulty, risk_level, family, axis, takeoff, landing, rope_context, tags, level, level_category, status, source_id, show_source) values ('00000000-0000-4000-9000-000000000001', 't001-30', 'ブリッジ30秒', array[]::text[], '倒立系のレベル1技。', 'ブリッジ30秒は「島本アクロレッスン レベルテスト」由来のレベル1技です。', 1, 1, '倒立・床基礎', '移動・切り返し', '未設定', '未設定', '縄内アップ', array['倒立系', '倒立・床基礎', 'Lv.1'], 1, '倒立系', 'published', '00000000-0000-4000-8000-000000000001', false) on conflict (slug) do update set summary = excluded.summary, description = excluded.description, difficulty = excluded.difficulty, risk_level = excluded.risk_level, family = excluded.family, axis = excluded.axis, takeoff = excluded.takeoff, landing = excluded.landing, rope_context = excluded.rope_context, tags = excluded.tags, level = excluded.level, level_category = excluded.level_category, status = excluded.status, source_id = excluded.source_id;
insert into public.tricks (id, slug, name, aliases, summary, description, difficulty, risk_level, family, axis, takeoff, landing, rope_context, tags, level, level_category, status, source_id, show_source) values ('00000000-0000-4000-9000-000000000002', 't002', '前回り受け身', array[]::text[], '倒立系のレベル1技。', '前回り受け身は「島本アクロレッスン レベルテスト」由来のレベル1技です。', 1, 1, '倒立系', '移動・切り返し', '未設定', '未設定', '縄内アップ', array['倒立系', '倒立系', 'Lv.1'], 1, '倒立系', 'published', '00000000-0000-4000-8000-000000000001', false) on conflict (slug) do update set summary = excluded.summary, description = excluded.description, difficulty = excluded.difficulty, risk_level = excluded.risk_level, family = excluded.family, axis = excluded.axis, takeoff = excluded.takeoff, landing = excluded.landing, rope_context = excluded.rope_context, tags = excluded.tags, level = excluded.level, level_category = excluded.level_category, status = excluded.status, source_id = excluded.source_id;
insert into public.tricks (id, slug, name, aliases, summary, description, difficulty, risk_level, family, axis, takeoff, landing, rope_context, tags, level, level_category, status, source_id, show_source) values ('00000000-0000-4000-9000-000000000003', 't003', '首抜き後転', array[]::text[], '倒立系のレベル1技。', '首抜き後転は「島本アクロレッスン レベルテスト」由来のレベル1技です。', 1, 1, '倒立・床基礎', '移動・切り返し', '未設定', '未設定', '縄内アップ', array['倒立系', '倒立・床基礎', 'Lv.1'], 1, '倒立系', 'published', '00000000-0000-4000-8000-000000000001', false) on conflict (slug) do update set summary = excluded.summary, description = excluded.description, difficulty = excluded.difficulty, risk_level = excluded.risk_level, family = excluded.family, axis = excluded.axis, takeoff = excluded.takeoff, landing = excluded.landing, rope_context = excluded.rope_context, tags = excluded.tags, level = excluded.level, level_category = excluded.level_category, status = excluded.status, source_id = excluded.source_id;
insert into public.tricks (id, slug, name, aliases, summary, description, difficulty, risk_level, family, axis, takeoff, landing, rope_context, tags, level, level_category, status, source_id, show_source) values ('00000000-0000-4000-9000-000000000004', 't004', 'フロントスウィープ', array[]::text[], '倒立系のレベル1技。', 'フロントスウィープは「島本アクロレッスン レベルテスト」由来のレベル1技です。', 1, 1, '倒立系', '移動・切り返し', '未設定', '未設定', '縄内アップ', array['倒立系', '倒立系', 'Lv.1'], 1, '倒立系', 'published', '00000000-0000-4000-8000-000000000001', false) on conflict (slug) do update set summary = excluded.summary, description = excluded.description, difficulty = excluded.difficulty, risk_level = excluded.risk_level, family = excluded.family, axis = excluded.axis, takeoff = excluded.takeoff, landing = excluded.landing, rope_context = excluded.rope_context, tags = excluded.tags, level = excluded.level, level_category = excluded.level_category, status = excluded.status, source_id = excluded.source_id;
insert into public.tricks (id, slug, name, aliases, summary, description, difficulty, risk_level, family, axis, takeoff, landing, rope_context, tags, level, level_category, status, source_id, show_source) values ('00000000-0000-4000-9000-000000000005', 't005', 'バックスウィープ', array[]::text[], '倒立系のレベル1技。', 'バックスウィープは「島本アクロレッスン レベルテスト」由来のレベル1技です。', 1, 1, '倒立系', '移動・切り返し', '未設定', '未設定', '縄内アップ', array['倒立系', '倒立系', 'Lv.1'], 1, '倒立系', 'published', '00000000-0000-4000-8000-000000000001', false) on conflict (slug) do update set summary = excluded.summary, description = excluded.description, difficulty = excluded.difficulty, risk_level = excluded.risk_level, family = excluded.family, axis = excluded.axis, takeoff = excluded.takeoff, landing = excluded.landing, rope_context = excluded.rope_context, tags = excluded.tags, level = excluded.level, level_category = excluded.level_category, status = excluded.status, source_id = excluded.source_id;
insert into public.tricks (id, slug, name, aliases, summary, description, difficulty, risk_level, family, axis, takeoff, landing, rope_context, tags, level, level_category, status, source_id, show_source) values ('00000000-0000-4000-9000-000000000006', 't006-1', '1歩', array[]::text[], '倒立系のレベル1技。', '1歩は「島本アクロレッスン レベルテスト」由来のレベル1技です。', 1, 1, '倒立系', '移動・切り返し', '未設定', '未設定', '縄内アップ', array['倒立系', '倒立系', 'Lv.1'], 1, '倒立系', 'published', '00000000-0000-4000-8000-000000000001', false) on conflict (slug) do update set summary = excluded.summary, description = excluded.description, difficulty = excluded.difficulty, risk_level = excluded.risk_level, family = excluded.family, axis = excluded.axis, takeoff = excluded.takeoff, landing = excluded.landing, rope_context = excluded.rope_context, tags = excluded.tags, level = excluded.level, level_category = excluded.level_category, status = excluded.status, source_id = excluded.source_id;
insert into public.tricks (id, slug, name, aliases, summary, description, difficulty, risk_level, family, axis, takeoff, landing, rope_context, tags, level, level_category, status, source_id, show_source) values ('00000000-0000-4000-9000-000000000007', 't007', '前転', array[]::text[], '倒立系のレベル1技。', '前転は「島本アクロレッスン レベルテスト」由来のレベル1技です。', 1, 1, '倒立・床基礎', '移動・切り返し', '未設定', '未設定', '縄内アップ', array['倒立系', '倒立・床基礎', 'Lv.1'], 1, '倒立系', 'published', '00000000-0000-4000-8000-000000000001', false) on conflict (slug) do update set summary = excluded.summary, description = excluded.description, difficulty = excluded.difficulty, risk_level = excluded.risk_level, family = excluded.family, axis = excluded.axis, takeoff = excluded.takeoff, landing = excluded.landing, rope_context = excluded.rope_context, tags = excluded.tags, level = excluded.level, level_category = excluded.level_category, status = excluded.status, source_id = excluded.source_id;
insert into public.tricks (id, slug, name, aliases, summary, description, difficulty, risk_level, family, axis, takeoff, landing, rope_context, tags, level, level_category, status, source_id, show_source) values ('00000000-0000-4000-9000-000000000008', 't008', '後転', array[]::text[], '倒立系のレベル1技。', '後転は「島本アクロレッスン レベルテスト」由来のレベル1技です。', 1, 1, '倒立・床基礎', '移動・切り返し', '未設定', '未設定', '縄内アップ', array['倒立系', '倒立・床基礎', 'Lv.1'], 1, '倒立系', 'published', '00000000-0000-4000-8000-000000000001', false) on conflict (slug) do update set summary = excluded.summary, description = excluded.description, difficulty = excluded.difficulty, risk_level = excluded.risk_level, family = excluded.family, axis = excluded.axis, takeoff = excluded.takeoff, landing = excluded.landing, rope_context = excluded.rope_context, tags = excluded.tags, level = excluded.level, level_category = excluded.level_category, status = excluded.status, source_id = excluded.source_id;
insert into public.tricks (id, slug, name, aliases, summary, description, difficulty, risk_level, family, axis, takeoff, landing, rope_context, tags, level, level_category, status, source_id, show_source) values ('00000000-0000-4000-9000-000000000009', 't009', '背倒立', array[]::text[], '倒立系のレベル1技。', '背倒立は「島本アクロレッスン レベルテスト」由来のレベル1技です。', 1, 1, '倒立・床基礎', '倒立軸', '未設定', '未設定', '縄内アップ', array['倒立系', '倒立・床基礎', 'Lv.1'], 1, '倒立系', 'published', '00000000-0000-4000-8000-000000000001', false) on conflict (slug) do update set summary = excluded.summary, description = excluded.description, difficulty = excluded.difficulty, risk_level = excluded.risk_level, family = excluded.family, axis = excluded.axis, takeoff = excluded.takeoff, landing = excluded.landing, rope_context = excluded.rope_context, tags = excluded.tags, level = excluded.level, level_category = excluded.level_category, status = excluded.status, source_id = excluded.source_id;
insert into public.tricks (id, slug, name, aliases, summary, description, difficulty, risk_level, family, axis, takeoff, landing, rope_context, tags, level, level_category, status, source_id, show_source) values ('00000000-0000-4000-9000-000000000010', 't010-j', 'スイング（Jステップ）', array[]::text[], '倒立系のレベル1技。', 'スイング（Jステップ）は「島本アクロレッスン レベルテスト」由来のレベル1技です。', 1, 1, '倒立系', '移動・切り返し', '未設定', '未設定', '縄内アップ', array['倒立系', '倒立系', 'Lv.1'], 1, '倒立系', 'published', '00000000-0000-4000-8000-000000000001', false) on conflict (slug) do update set summary = excluded.summary, description = excluded.description, difficulty = excluded.difficulty, risk_level = excluded.risk_level, family = excluded.family, axis = excluded.axis, takeoff = excluded.takeoff, landing = excluded.landing, rope_context = excluded.rope_context, tags = excluded.tags, level = excluded.level, level_category = excluded.level_category, status = excluded.status, source_id = excluded.source_id;
insert into public.tricks (id, slug, name, aliases, summary, description, difficulty, risk_level, family, axis, takeoff, landing, rope_context, tags, level, level_category, status, source_id, show_source) values ('00000000-0000-4000-9000-000000000011', 't011', '振り上げ＋ジャンプ', array[]::text[], '倒立系のレベル1技。', '振り上げ＋ジャンプは「島本アクロレッスン レベルテスト」由来のレベル1技です。', 1, 1, '倒立系', '移動・切り返し', '未設定', '未設定', '縄内アップ', array['倒立系', '倒立系', 'Lv.1'], 1, '倒立系', 'published', '00000000-0000-4000-8000-000000000001', false) on conflict (slug) do update set summary = excluded.summary, description = excluded.description, difficulty = excluded.difficulty, risk_level = excluded.risk_level, family = excluded.family, axis = excluded.axis, takeoff = excluded.takeoff, landing = excluded.landing, rope_context = excluded.rope_context, tags = excluded.tags, level = excluded.level, level_category = excluded.level_category, status = excluded.status, source_id = excluded.source_id;
insert into public.tricks (id, slug, name, aliases, summary, description, difficulty, risk_level, family, axis, takeoff, landing, rope_context, tags, level, level_category, status, source_id, show_source) values ('00000000-0000-4000-9000-000000000012', 't012', '屈伸ジャンプ', array[]::text[], '倒立系のレベル1技。', '屈伸ジャンプは「島本アクロレッスン レベルテスト」由来のレベル1技です。', 1, 1, '倒立系', '移動・切り返し', '未設定', '未設定', '縄内アップ', array['倒立系', '倒立系', 'Lv.1'], 1, '倒立系', 'published', '00000000-0000-4000-8000-000000000001', false) on conflict (slug) do update set summary = excluded.summary, description = excluded.description, difficulty = excluded.difficulty, risk_level = excluded.risk_level, family = excluded.family, axis = excluded.axis, takeoff = excluded.takeoff, landing = excluded.landing, rope_context = excluded.rope_context, tags = excluded.tags, level = excluded.level, level_category = excluded.level_category, status = excluded.status, source_id = excluded.source_id;
insert into public.tricks (id, slug, name, aliases, summary, description, difficulty, risk_level, family, axis, takeoff, landing, rope_context, tags, level, level_category, status, source_id, show_source) values ('00000000-0000-4000-9000-000000000013', 't013', 'ブロッキング', array[]::text[], '倒立系のレベル1技。', 'ブロッキングは「島本アクロレッスン レベルテスト」由来のレベル1技です。', 1, 1, '倒立系', '移動・切り返し', '未設定', '未設定', '縄内アップ', array['倒立系', '倒立系', 'Lv.1'], 1, '倒立系', 'published', '00000000-0000-4000-8000-000000000001', false) on conflict (slug) do update set summary = excluded.summary, description = excluded.description, difficulty = excluded.difficulty, risk_level = excluded.risk_level, family = excluded.family, axis = excluded.axis, takeoff = excluded.takeoff, landing = excluded.landing, rope_context = excluded.rope_context, tags = excluded.tags, level = excluded.level, level_category = excluded.level_category, status = excluded.status, source_id = excluded.source_id;
insert into public.tricks (id, slug, name, aliases, summary, description, difficulty, risk_level, family, axis, takeoff, landing, rope_context, tags, level, level_category, status, source_id, show_source) values ('00000000-0000-4000-9000-000000000014', 't014', 'パンチ（瞬間ジャンプ）', array[]::text[], '倒立系のレベル1技。', 'パンチ（瞬間ジャンプ）は「島本アクロレッスン レベルテスト」由来のレベル1技です。', 1, 1, '倒立系', '移動・切り返し', '未設定', '未設定', '縄内アップ', array['倒立系', '倒立系', 'Lv.1'], 1, '倒立系', 'published', '00000000-0000-4000-8000-000000000001', false) on conflict (slug) do update set summary = excluded.summary, description = excluded.description, difficulty = excluded.difficulty, risk_level = excluded.risk_level, family = excluded.family, axis = excluded.axis, takeoff = excluded.takeoff, landing = excluded.landing, rope_context = excluded.rope_context, tags = excluded.tags, level = excluded.level, level_category = excluded.level_category, status = excluded.status, source_id = excluded.source_id;
insert into public.tricks (id, slug, name, aliases, summary, description, difficulty, risk_level, family, axis, takeoff, landing, rope_context, tags, level, level_category, status, source_id, show_source) values ('00000000-0000-4000-9000-000000000015', 't015', 'キャタピー', array[]::text[], '倒立系のレベル2技。', 'キャタピーは「島本アクロレッスン レベルテスト」由来のレベル2技です。', 2, 1, '倒立系', '移動・切り返し', '未設定', '未設定', '縄内アップ', array['倒立系', '倒立系', 'Lv.2'], 2, '倒立系', 'published', '00000000-0000-4000-8000-000000000001', false) on conflict (slug) do update set summary = excluded.summary, description = excluded.description, difficulty = excluded.difficulty, risk_level = excluded.risk_level, family = excluded.family, axis = excluded.axis, takeoff = excluded.takeoff, landing = excluded.landing, rope_context = excluded.rope_context, tags = excluded.tags, level = excluded.level, level_category = excluded.level_category, status = excluded.status, source_id = excluded.source_id;
insert into public.tricks (id, slug, name, aliases, summary, description, difficulty, risk_level, family, axis, takeoff, landing, rope_context, tags, level, level_category, status, source_id, show_source) values ('00000000-0000-4000-9000-000000000016', 't016-30', 'チェアー30秒', array[]::text[], '倒立系のレベル2技。', 'チェアー30秒は「島本アクロレッスン レベルテスト」由来のレベル2技です。', 2, 1, '倒立・床基礎', '移動・切り返し', '未設定', '未設定', '縄内アップ', array['倒立系', '倒立・床基礎', 'Lv.2'], 2, '倒立系', 'published', '00000000-0000-4000-8000-000000000001', false) on conflict (slug) do update set summary = excluded.summary, description = excluded.description, difficulty = excluded.difficulty, risk_level = excluded.risk_level, family = excluded.family, axis = excluded.axis, takeoff = excluded.takeoff, landing = excluded.landing, rope_context = excluded.rope_context, tags = excluded.tags, level = excluded.level, level_category = excluded.level_category, status = excluded.status, source_id = excluded.source_id;
insert into public.tricks (id, slug, name, aliases, summary, description, difficulty, risk_level, family, axis, takeoff, landing, rope_context, tags, level, level_category, status, source_id, show_source) values ('00000000-0000-4000-9000-000000000017', 't017-10', '片足しゃがみ立ち10秒', array[]::text[], '倒立系のレベル2技。', '片足しゃがみ立ち10秒は「島本アクロレッスン レベルテスト」由来のレベル2技です。', 2, 1, '倒立系', '移動・切り返し', '未設定', '未設定', '縄内アップ', array['倒立系', '倒立系', 'Lv.2'], 2, '倒立系', 'published', '00000000-0000-4000-8000-000000000001', false) on conflict (slug) do update set summary = excluded.summary, description = excluded.description, difficulty = excluded.difficulty, risk_level = excluded.risk_level, family = excluded.family, axis = excluded.axis, takeoff = excluded.takeoff, landing = excluded.landing, rope_context = excluded.rope_context, tags = excluded.tags, level = excluded.level, level_category = excluded.level_category, status = excluded.status, source_id = excluded.source_id;
insert into public.tricks (id, slug, name, aliases, summary, description, difficulty, risk_level, family, axis, takeoff, landing, rope_context, tags, level, level_category, status, source_id, show_source) values ('00000000-0000-4000-9000-000000000018', 't018', 'ニューヨーク', array[]::text[], '倒立系のレベル2技。', 'ニューヨークは「島本アクロレッスン レベルテスト」由来のレベル2技です。', 2, 1, '倒立系', '移動・切り返し', '未設定', '未設定', '縄内アップ', array['倒立系', '倒立系', 'Lv.2'], 2, '倒立系', 'published', '00000000-0000-4000-8000-000000000001', false) on conflict (slug) do update set summary = excluded.summary, description = excluded.description, difficulty = excluded.difficulty, risk_level = excluded.risk_level, family = excluded.family, axis = excluded.axis, takeoff = excluded.takeoff, landing = excluded.landing, rope_context = excluded.rope_context, tags = excluded.tags, level = excluded.level, level_category = excluded.level_category, status = excluded.status, source_id = excluded.source_id;
insert into public.tricks (id, slug, name, aliases, summary, description, difficulty, risk_level, family, axis, takeoff, landing, rope_context, tags, level, level_category, status, source_id, show_source) values ('00000000-0000-4000-9000-000000000019', 't019', 'サルフット', array[]::text[], '倒立系のレベル2技。', 'サルフットは「島本アクロレッスン レベルテスト」由来のレベル2技です。', 2, 1, '倒立系', '移動・切り返し', '未設定', '未設定', '縄内アップ', array['倒立系', '倒立系', 'Lv.2'], 2, '倒立系', 'published', '00000000-0000-4000-8000-000000000001', false) on conflict (slug) do update set summary = excluded.summary, description = excluded.description, difficulty = excluded.difficulty, risk_level = excluded.risk_level, family = excluded.family, axis = excluded.axis, takeoff = excluded.takeoff, landing = excluded.landing, rope_context = excluded.rope_context, tags = excluded.tags, level = excluded.level, level_category = excluded.level_category, status = excluded.status, source_id = excluded.source_id;
insert into public.tricks (id, slug, name, aliases, summary, description, difficulty, risk_level, family, axis, takeoff, landing, rope_context, tags, level, level_category, status, source_id, show_source) values ('00000000-0000-4000-9000-000000000020', 't020', 'プッシュアップ', array[]::text[], '倒立系のレベル2技。', 'プッシュアップは「島本アクロレッスン レベルテスト」由来のレベル2技です。', 2, 1, '倒立・床基礎', '移動・切り返し', '未設定', '未設定', '縄内アップ', array['倒立系', '倒立・床基礎', 'Lv.2'], 2, '倒立系', 'published', '00000000-0000-4000-8000-000000000001', false) on conflict (slug) do update set summary = excluded.summary, description = excluded.description, difficulty = excluded.difficulty, risk_level = excluded.risk_level, family = excluded.family, axis = excluded.axis, takeoff = excluded.takeoff, landing = excluded.landing, rope_context = excluded.rope_context, tags = excluded.tags, level = excluded.level, level_category = excluded.level_category, status = excluded.status, source_id = excluded.source_id;
insert into public.tricks (id, slug, name, aliases, summary, description, difficulty, risk_level, family, axis, takeoff, landing, rope_context, tags, level, level_category, status, source_id, show_source) values ('00000000-0000-4000-9000-000000000021', 't021', 'ベビースワイプ', array[]::text[], '倒立系のレベル2技。', 'ベビースワイプは「島本アクロレッスン レベルテスト」由来のレベル2技です。', 2, 1, 'ブレイキン', '床回転', '未設定', '未設定', '縄内アップ', array['倒立系', 'ブレイキン', 'Lv.2'], 2, '倒立系', 'published', '00000000-0000-4000-8000-000000000001', false) on conflict (slug) do update set summary = excluded.summary, description = excluded.description, difficulty = excluded.difficulty, risk_level = excluded.risk_level, family = excluded.family, axis = excluded.axis, takeoff = excluded.takeoff, landing = excluded.landing, rope_context = excluded.rope_context, tags = excluded.tags, level = excluded.level, level_category = excluded.level_category, status = excluded.status, source_id = excluded.source_id;
insert into public.tricks (id, slug, name, aliases, summary, description, difficulty, risk_level, family, axis, takeoff, landing, rope_context, tags, level, level_category, status, source_id, show_source) values ('00000000-0000-4000-9000-000000000022', 't022', 'ドンキー', array[]::text[], '倒立系のレベル2技。', 'ドンキーは「島本アクロレッスン レベルテスト」由来のレベル2技です。', 2, 1, '倒立系', '移動・切り返し', '未設定', '未設定', '縄内アップ', array['倒立系', '倒立系', 'Lv.2'], 2, '倒立系', 'published', '00000000-0000-4000-8000-000000000001', false) on conflict (slug) do update set summary = excluded.summary, description = excluded.description, difficulty = excluded.difficulty, risk_level = excluded.risk_level, family = excluded.family, axis = excluded.axis, takeoff = excluded.takeoff, landing = excluded.landing, rope_context = excluded.rope_context, tags = excluded.tags, level = excluded.level, level_category = excluded.level_category, status = excluded.status, source_id = excluded.source_id;
insert into public.tricks (id, slug, name, aliases, summary, description, difficulty, risk_level, family, axis, takeoff, landing, rope_context, tags, level, level_category, status, source_id, show_source) values ('00000000-0000-4000-9000-000000000023', 't023', 'シフト', array[]::text[], '倒立系のレベル2技。', 'シフトは「島本アクロレッスン レベルテスト」由来のレベル2技です。', 2, 1, '倒立系', '移動・切り返し', '未設定', '未設定', '縄内アップ', array['倒立系', '倒立系', 'Lv.2'], 2, '倒立系', 'published', '00000000-0000-4000-8000-000000000001', false) on conflict (slug) do update set summary = excluded.summary, description = excluded.description, difficulty = excluded.difficulty, risk_level = excluded.risk_level, family = excluded.family, axis = excluded.axis, takeoff = excluded.takeoff, landing = excluded.landing, rope_context = excluded.rope_context, tags = excluded.tags, level = excluded.level, level_category = excluded.level_category, status = excluded.status, source_id = excluded.source_id;
insert into public.tricks (id, slug, name, aliases, summary, description, difficulty, risk_level, family, axis, takeoff, landing, rope_context, tags, level, level_category, status, source_id, show_source) values ('00000000-0000-4000-9000-000000000024', 't024-cc', 'C.C.', array[]::text[], '倒立系のレベル2技。', 'C.C.は「島本アクロレッスン レベルテスト」由来のレベル2技です。', 2, 1, 'ブレイキン', '移動・切り返し', '未設定', '未設定', '縄内アップ', array['倒立系', 'ブレイキン', 'Lv.2'], 2, '倒立系', 'published', '00000000-0000-4000-8000-000000000001', false) on conflict (slug) do update set summary = excluded.summary, description = excluded.description, difficulty = excluded.difficulty, risk_level = excluded.risk_level, family = excluded.family, axis = excluded.axis, takeoff = excluded.takeoff, landing = excluded.landing, rope_context = excluded.rope_context, tags = excluded.tags, level = excluded.level, level_category = excluded.level_category, status = excluded.status, source_id = excluded.source_id;
insert into public.tricks (id, slug, name, aliases, summary, description, difficulty, risk_level, family, axis, takeoff, landing, rope_context, tags, level, level_category, status, source_id, show_source) values ('00000000-0000-4000-9000-000000000025', 't025--to-', '前方ブリッジ→起き上がり', array[]::text[], '倒立系のレベル3技。', '前方ブリッジ→起き上がりは「島本アクロレッスン レベルテスト」由来のレベル3技です。', 2, 2, '倒立・床基礎', '移動・切り返し', '未設定', '未設定', '縄内単発', array['倒立系', '倒立・床基礎', 'Lv.3'], 3, '倒立系', 'published', '00000000-0000-4000-8000-000000000001', false) on conflict (slug) do update set summary = excluded.summary, description = excluded.description, difficulty = excluded.difficulty, risk_level = excluded.risk_level, family = excluded.family, axis = excluded.axis, takeoff = excluded.takeoff, landing = excluded.landing, rope_context = excluded.rope_context, tags = excluded.tags, level = excluded.level, level_category = excluded.level_category, status = excluded.status, source_id = excluded.source_id;
insert into public.tricks (id, slug, name, aliases, summary, description, difficulty, risk_level, family, axis, takeoff, landing, rope_context, tags, level, level_category, status, source_id, show_source) values ('00000000-0000-4000-9000-000000000026', 't026', '立ちブリッジ', array[]::text[], '倒立系のレベル3技。', '立ちブリッジは「島本アクロレッスン レベルテスト」由来のレベル3技です。', 2, 2, '倒立・床基礎', '移動・切り返し', '未設定', '未設定', '縄内単発', array['倒立系', '倒立・床基礎', 'Lv.3'], 3, '倒立系', 'published', '00000000-0000-4000-8000-000000000001', false) on conflict (slug) do update set summary = excluded.summary, description = excluded.description, difficulty = excluded.difficulty, risk_level = excluded.risk_level, family = excluded.family, axis = excluded.axis, takeoff = excluded.takeoff, landing = excluded.landing, rope_context = excluded.rope_context, tags = excluded.tags, level = excluded.level, level_category = excluded.level_category, status = excluded.status, source_id = excluded.source_id;
insert into public.tricks (id, slug, name, aliases, summary, description, difficulty, risk_level, family, axis, takeoff, landing, rope_context, tags, level, level_category, status, source_id, show_source) values ('00000000-0000-4000-9000-000000000027', 't027', '後方ブリッジ', array[]::text[], '倒立系のレベル3技。', '後方ブリッジは「島本アクロレッスン レベルテスト」由来のレベル3技です。', 2, 2, '倒立・床基礎', '移動・切り返し', '未設定', '未設定', '縄内単発', array['倒立系', '倒立・床基礎', 'Lv.3'], 3, '倒立系', 'published', '00000000-0000-4000-8000-000000000001', false) on conflict (slug) do update set summary = excluded.summary, description = excluded.description, difficulty = excluded.difficulty, risk_level = excluded.risk_level, family = excluded.family, axis = excluded.axis, takeoff = excluded.takeoff, landing = excluded.landing, rope_context = excluded.rope_context, tags = excluded.tags, level = excluded.level, level_category = excluded.level_category, status = excluded.status, source_id = excluded.source_id;
insert into public.tricks (id, slug, name, aliases, summary, description, difficulty, risk_level, family, axis, takeoff, landing, rope_context, tags, level, level_category, status, source_id, show_source) values ('00000000-0000-4000-9000-000000000028', 't028', '側転', array[]::text[], '倒立系のレベル3技。', '側転は「島本アクロレッスン レベルテスト」由来のレベル3技です。', 2, 2, '倒立系', '縦・横回転', '未設定', '未設定', '縄内単発', array['倒立系', '倒立系', 'Lv.3'], 3, '倒立系', 'published', '00000000-0000-4000-8000-000000000001', false) on conflict (slug) do update set summary = excluded.summary, description = excluded.description, difficulty = excluded.difficulty, risk_level = excluded.risk_level, family = excluded.family, axis = excluded.axis, takeoff = excluded.takeoff, landing = excluded.landing, rope_context = excluded.rope_context, tags = excluded.tags, level = excluded.level, level_category = excluded.level_category, status = excluded.status, source_id = excluded.source_id;
insert into public.tricks (id, slug, name, aliases, summary, description, difficulty, risk_level, family, axis, takeoff, landing, rope_context, tags, level, level_category, status, source_id, show_source) values ('00000000-0000-4000-9000-000000000029', 't029-5', '倒立歩行5歩', array[]::text[], '倒立系のレベル3技。', '倒立歩行5歩は「島本アクロレッスン レベルテスト」由来のレベル3技です。', 2, 2, '倒立・床基礎', '倒立軸', '未設定', '未設定', '縄内単発', array['倒立系', '倒立・床基礎', 'Lv.3'], 3, '倒立系', 'published', '00000000-0000-4000-8000-000000000001', false) on conflict (slug) do update set summary = excluded.summary, description = excluded.description, difficulty = excluded.difficulty, risk_level = excluded.risk_level, family = excluded.family, axis = excluded.axis, takeoff = excluded.takeoff, landing = excluded.landing, rope_context = excluded.rope_context, tags = excluded.tags, level = excluded.level, level_category = excluded.level_category, status = excluded.status, source_id = excluded.source_id;
insert into public.tricks (id, slug, name, aliases, summary, description, difficulty, risk_level, family, axis, takeoff, landing, rope_context, tags, level, level_category, status, source_id, show_source) values ('00000000-0000-4000-9000-000000000030', 't030', '倒立前転', array[]::text[], '倒立系のレベル3技。', '倒立前転は「島本アクロレッスン レベルテスト」由来のレベル3技です。', 2, 2, '倒立・床基礎', '倒立軸', '未設定', '未設定', '縄内単発', array['倒立系', '倒立・床基礎', 'Lv.3'], 3, '倒立系', 'published', '00000000-0000-4000-8000-000000000001', false) on conflict (slug) do update set summary = excluded.summary, description = excluded.description, difficulty = excluded.difficulty, risk_level = excluded.risk_level, family = excluded.family, axis = excluded.axis, takeoff = excluded.takeoff, landing = excluded.landing, rope_context = excluded.rope_context, tags = excluded.tags, level = excluded.level, level_category = excluded.level_category, status = excluded.status, source_id = excluded.source_id;
insert into public.tricks (id, slug, name, aliases, summary, description, difficulty, risk_level, family, axis, takeoff, landing, rope_context, tags, level, level_category, status, source_id, show_source) values ('00000000-0000-4000-9000-000000000031', 't031', '伸膝後転', array[]::text[], '倒立系のレベル3技。', '伸膝後転は「島本アクロレッスン レベルテスト」由来のレベル3技です。', 2, 2, '倒立・床基礎', '移動・切り返し', '未設定', '未設定', '縄内単発', array['倒立系', '倒立・床基礎', 'Lv.3'], 3, '倒立系', 'published', '00000000-0000-4000-8000-000000000001', false) on conflict (slug) do update set summary = excluded.summary, description = excluded.description, difficulty = excluded.difficulty, risk_level = excluded.risk_level, family = excluded.family, axis = excluded.axis, takeoff = excluded.takeoff, landing = excluded.landing, rope_context = excluded.rope_context, tags = excluded.tags, level = excluded.level, level_category = excluded.level_category, status = excluded.status, source_id = excluded.source_id;
insert into public.tricks (id, slug, name, aliases, summary, description, difficulty, risk_level, family, axis, takeoff, landing, rope_context, tags, level, level_category, status, source_id, show_source) values ('00000000-0000-4000-9000-000000000032', 't032', 'ロンダート', array[]::text[], '倒立系のレベル3技。', 'ロンダートは「島本アクロレッスン レベルテスト」由来のレベル3技です。', 2, 2, '倒立系', '縦・横回転', '未設定', '未設定', '縄内単発', array['倒立系', '倒立系', 'Lv.3'], 3, '倒立系', 'published', '00000000-0000-4000-8000-000000000001', false) on conflict (slug) do update set summary = excluded.summary, description = excluded.description, difficulty = excluded.difficulty, risk_level = excluded.risk_level, family = excluded.family, axis = excluded.axis, takeoff = excluded.takeoff, landing = excluded.landing, rope_context = excluded.rope_context, tags = excluded.tags, level = excluded.level, level_category = excluded.level_category, status = excluded.status, source_id = excluded.source_id;
insert into public.tricks (id, slug, name, aliases, summary, description, difficulty, risk_level, family, axis, takeoff, landing, rope_context, tags, level, level_category, status, source_id, show_source) values ('00000000-0000-4000-9000-000000000033', 't033', '跳ね起き', array[]::text[], '倒立系のレベル3技。', '跳ね起きは「島本アクロレッスン レベルテスト」由来のレベル3技です。', 2, 2, '倒立系', '移動・切り返し', '未設定', '未設定', '縄内単発', array['倒立系', '倒立系', 'Lv.3'], 3, '倒立系', 'published', '00000000-0000-4000-8000-000000000001', false) on conflict (slug) do update set summary = excluded.summary, description = excluded.description, difficulty = excluded.difficulty, risk_level = excluded.risk_level, family = excluded.family, axis = excluded.axis, takeoff = excluded.takeoff, landing = excluded.landing, rope_context = excluded.rope_context, tags = excluded.tags, level = excluded.level, level_category = excluded.level_category, status = excluded.status, source_id = excluded.source_id;
insert into public.tricks (id, slug, name, aliases, summary, description, difficulty, risk_level, family, axis, takeoff, landing, rope_context, tags, level, level_category, status, source_id, show_source) values ('00000000-0000-4000-9000-000000000034', 't034', '倒立', array[]::text[], '倒立系のレベル3技。', '倒立は「島本アクロレッスン レベルテスト」由来のレベル3技です。', 2, 2, '倒立・床基礎', '倒立軸', '未設定', '未設定', '縄内単発', array['倒立系', '倒立・床基礎', 'Lv.3'], 3, '倒立系', 'published', '00000000-0000-4000-8000-000000000001', false) on conflict (slug) do update set summary = excluded.summary, description = excluded.description, difficulty = excluded.difficulty, risk_level = excluded.risk_level, family = excluded.family, axis = excluded.axis, takeoff = excluded.takeoff, landing = excluded.landing, rope_context = excluded.rope_context, tags = excluded.tags, level = excluded.level, level_category = excluded.level_category, status = excluded.status, source_id = excluded.source_id;
insert into public.tricks (id, slug, name, aliases, summary, description, difficulty, risk_level, family, axis, takeoff, landing, rope_context, tags, level, level_category, status, source_id, show_source) values ('00000000-0000-4000-9000-000000000035', 't035', 'ワーム', array[]::text[], '倒立系のレベル3技。', 'ワームは「島本アクロレッスン レベルテスト」由来のレベル3技です。', 2, 2, '倒立系', '移動・切り返し', '未設定', '未設定', '縄内単発', array['倒立系', '倒立系', 'Lv.3'], 3, '倒立系', 'published', '00000000-0000-4000-8000-000000000001', false) on conflict (slug) do update set summary = excluded.summary, description = excluded.description, difficulty = excluded.difficulty, risk_level = excluded.risk_level, family = excluded.family, axis = excluded.axis, takeoff = excluded.takeoff, landing = excluded.landing, rope_context = excluded.rope_context, tags = excluded.tags, level = excluded.level, level_category = excluded.level_category, status = excluded.status, source_id = excluded.source_id;
insert into public.tricks (id, slug, name, aliases, summary, description, difficulty, risk_level, family, axis, takeoff, landing, rope_context, tags, level, level_category, status, source_id, show_source) values ('00000000-0000-4000-9000-000000000036', 't036', '片手側転', array[]::text[], '倒立系のレベル3技。', '片手側転は「島本アクロレッスン レベルテスト」由来のレベル3技です。', 2, 2, '倒立系', '縦・横回転', '未設定', '未設定', '縄内単発', array['倒立系', '倒立系', 'Lv.3'], 3, '倒立系', 'published', '00000000-0000-4000-8000-000000000001', false) on conflict (slug) do update set summary = excluded.summary, description = excluded.description, difficulty = excluded.difficulty, risk_level = excluded.risk_level, family = excluded.family, axis = excluded.axis, takeoff = excluded.takeoff, landing = excluded.landing, rope_context = excluded.rope_context, tags = excluded.tags, level = excluded.level, level_category = excluded.level_category, status = excluded.status, source_id = excluded.source_id;
insert into public.tricks (id, slug, name, aliases, summary, description, difficulty, risk_level, family, axis, takeoff, landing, rope_context, tags, level, level_category, status, source_id, show_source) values ('00000000-0000-4000-9000-000000000037', 't037', 'バタフライ', array[]::text[], '倒立系のレベル4技。', 'バタフライは「島本アクロレッスン レベルテスト」由来のレベル4技です。', 3, 3, 'トリッキング', '移動・切り返し', '未設定', '未設定', '縄内単発', array['倒立系', 'トリッキング', 'Lv.4'], 4, '倒立系', 'published', '00000000-0000-4000-8000-000000000001', false) on conflict (slug) do update set summary = excluded.summary, description = excluded.description, difficulty = excluded.difficulty, risk_level = excluded.risk_level, family = excluded.family, axis = excluded.axis, takeoff = excluded.takeoff, landing = excluded.landing, rope_context = excluded.rope_context, tags = excluded.tags, level = excluded.level, level_category = excluded.level_category, status = excluded.status, source_id = excluded.source_id;
insert into public.tricks (id, slug, name, aliases, summary, description, difficulty, risk_level, family, axis, takeoff, landing, rope_context, tags, level, level_category, status, source_id, show_source) values ('00000000-0000-4000-9000-000000000038', 't038', 'エアリアル', array[]::text[], '倒立系のレベル4技。', 'エアリアルは「島本アクロレッスン レベルテスト」由来のレベル4技です。', 3, 3, 'トリッキング', '移動・切り返し', '未設定', '未設定', '縄内単発', array['倒立系', 'トリッキング', 'Lv.4'], 4, '倒立系', 'published', '00000000-0000-4000-8000-000000000001', false) on conflict (slug) do update set summary = excluded.summary, description = excluded.description, difficulty = excluded.difficulty, risk_level = excluded.risk_level, family = excluded.family, axis = excluded.axis, takeoff = excluded.takeoff, landing = excluded.landing, rope_context = excluded.rope_context, tags = excluded.tags, level = excluded.level, level_category = excluded.level_category, status = excluded.status, source_id = excluded.source_id;
insert into public.tricks (id, slug, name, aliases, summary, description, difficulty, risk_level, family, axis, takeoff, landing, rope_context, tags, level, level_category, status, source_id, show_source) values ('00000000-0000-4000-9000-000000000039', 't039-10', '倒立歩行10歩', array[]::text[], '倒立系のレベル4技。', '倒立歩行10歩は「島本アクロレッスン レベルテスト」由来のレベル4技です。', 3, 3, '倒立・床基礎', '倒立軸', '未設定', '未設定', '縄内単発', array['倒立系', '倒立・床基礎', 'Lv.4'], 4, '倒立系', 'published', '00000000-0000-4000-8000-000000000001', false) on conflict (slug) do update set summary = excluded.summary, description = excluded.description, difficulty = excluded.difficulty, risk_level = excluded.risk_level, family = excluded.family, axis = excluded.axis, takeoff = excluded.takeoff, landing = excluded.landing, rope_context = excluded.rope_context, tags = excluded.tags, level = excluded.level, level_category = excluded.level_category, status = excluded.status, source_id = excluded.source_id;
insert into public.tricks (id, slug, name, aliases, summary, description, difficulty, risk_level, family, axis, takeoff, landing, rope_context, tags, level, level_category, status, source_id, show_source) values ('00000000-0000-4000-9000-000000000040', 't040', 'スクート', array[]::text[], '倒立系のレベル4技。', 'スクートは「島本アクロレッスン レベルテスト」由来のレベル4技です。', 3, 3, 'トリッキング', '移動・切り返し', '未設定', '未設定', '縄内単発', array['倒立系', 'トリッキング', 'Lv.4'], 4, '倒立系', 'published', '00000000-0000-4000-8000-000000000001', false) on conflict (slug) do update set summary = excluded.summary, description = excluded.description, difficulty = excluded.difficulty, risk_level = excluded.risk_level, family = excluded.family, axis = excluded.axis, takeoff = excluded.takeoff, landing = excluded.landing, rope_context = excluded.rope_context, tags = excluded.tags, level = excluded.level, level_category = excluded.level_category, status = excluded.status, source_id = excluded.source_id;
insert into public.tricks (id, slug, name, aliases, summary, description, difficulty, risk_level, family, axis, takeoff, landing, rope_context, tags, level, level_category, status, source_id, show_source) values ('00000000-0000-4000-9000-000000000041', 't041', 'ハンドスプリング', array[]::text[], '倒立系のレベル4技。', 'ハンドスプリングは「島本アクロレッスン レベルテスト」由来のレベル4技です。', 3, 3, '倒立系', '移動・切り返し', '未設定', '未設定', '縄内単発', array['倒立系', '倒立系', 'Lv.4'], 4, '倒立系', 'published', '00000000-0000-4000-8000-000000000001', false) on conflict (slug) do update set summary = excluded.summary, description = excluded.description, difficulty = excluded.difficulty, risk_level = excluded.risk_level, family = excluded.family, axis = excluded.axis, takeoff = excluded.takeoff, landing = excluded.landing, rope_context = excluded.rope_context, tags = excluded.tags, level = excluded.level, level_category = excluded.level_category, status = excluded.status, source_id = excluded.source_id;
insert into public.tricks (id, slug, name, aliases, summary, description, difficulty, risk_level, family, axis, takeoff, landing, rope_context, tags, level, level_category, status, source_id, show_source) values ('00000000-0000-4000-9000-000000000042', 't042', 'かぶき', array[]::text[], '倒立系のレベル4技。', 'かぶきは「島本アクロレッスン レベルテスト」由来のレベル4技です。', 3, 3, '倒立系', '移動・切り返し', '未設定', '未設定', '縄内単発', array['倒立系', '倒立系', 'Lv.4'], 4, '倒立系', 'published', '00000000-0000-4000-8000-000000000001', false) on conflict (slug) do update set summary = excluded.summary, description = excluded.description, difficulty = excluded.difficulty, risk_level = excluded.risk_level, family = excluded.family, axis = excluded.axis, takeoff = excluded.takeoff, landing = excluded.landing, rope_context = excluded.rope_context, tags = excluded.tags, level = excluded.level, level_category = excluded.level_category, status = excluded.status, source_id = excluded.source_id;
insert into public.tricks (id, slug, name, aliases, summary, description, difficulty, risk_level, family, axis, takeoff, landing, rope_context, tags, level, level_category, status, source_id, show_source) values ('00000000-0000-4000-9000-000000000043', 't043', '旋風脚', array[]::text[], '倒立系のレベル4技。', '旋風脚は「島本アクロレッスン レベルテスト」由来のレベル4技です。', 3, 3, '倒立系', '移動・切り返し', '未設定', '未設定', '縄内単発', array['倒立系', '倒立系', 'Lv.4'], 4, '倒立系', 'published', '00000000-0000-4000-8000-000000000001', false) on conflict (slug) do update set summary = excluded.summary, description = excluded.description, difficulty = excluded.difficulty, risk_level = excluded.risk_level, family = excluded.family, axis = excluded.axis, takeoff = excluded.takeoff, landing = excluded.landing, rope_context = excluded.rope_context, tags = excluded.tags, level = excluded.level, level_category = excluded.level_category, status = excluded.status, source_id = excluded.source_id;
insert into public.tricks (id, slug, name, aliases, summary, description, difficulty, risk_level, family, axis, takeoff, landing, rope_context, tags, level, level_category, status, source_id, show_source) values ('00000000-0000-4000-9000-000000000044', 't044', '跳び前転', array[]::text[], '倒立系のレベル4技。', '跳び前転は「島本アクロレッスン レベルテスト」由来のレベル4技です。', 3, 3, '倒立・床基礎', '移動・切り返し', '未設定', '未設定', '縄内単発', array['倒立系', '倒立・床基礎', 'Lv.4'], 4, '倒立系', 'published', '00000000-0000-4000-8000-000000000001', false) on conflict (slug) do update set summary = excluded.summary, description = excluded.description, difficulty = excluded.difficulty, risk_level = excluded.risk_level, family = excluded.family, axis = excluded.axis, takeoff = excluded.takeoff, landing = excluded.landing, rope_context = excluded.rope_context, tags = excluded.tags, level = excluded.level, level_category = excluded.level_category, status = excluded.status, source_id = excluded.source_id;
insert into public.tricks (id, slug, name, aliases, summary, description, difficulty, risk_level, family, axis, takeoff, landing, rope_context, tags, level, level_category, status, source_id, show_source) values ('00000000-0000-4000-9000-000000000045', 't045', 'カート', array[]::text[], '倒立系のレベル4技。', 'カートは「島本アクロレッスン レベルテスト」由来のレベル4技です。', 3, 3, '倒立系', '移動・切り返し', '未設定', '未設定', '縄内単発', array['倒立系', '倒立系', 'Lv.4'], 4, '倒立系', 'published', '00000000-0000-4000-8000-000000000001', false) on conflict (slug) do update set summary = excluded.summary, description = excluded.description, difficulty = excluded.difficulty, risk_level = excluded.risk_level, family = excluded.family, axis = excluded.axis, takeoff = excluded.takeoff, landing = excluded.landing, rope_context = excluded.rope_context, tags = excluded.tags, level = excluded.level, level_category = excluded.level_category, status = excluded.status, source_id = excluded.source_id;
insert into public.tricks (id, slug, name, aliases, summary, description, difficulty, risk_level, family, axis, takeoff, landing, rope_context, tags, level, level_category, status, source_id, show_source) values ('00000000-0000-4000-9000-000000000046', 't046', '片手ロンダート', array[]::text[], '倒立系のレベル4技。', '片手ロンダートは「島本アクロレッスン レベルテスト」由来のレベル4技です。', 3, 3, '倒立系', '縦・横回転', '未設定', '未設定', '縄内単発', array['倒立系', '倒立系', 'Lv.4'], 4, '倒立系', 'published', '00000000-0000-4000-8000-000000000001', false) on conflict (slug) do update set summary = excluded.summary, description = excluded.description, difficulty = excluded.difficulty, risk_level = excluded.risk_level, family = excluded.family, axis = excluded.axis, takeoff = excluded.takeoff, landing = excluded.landing, rope_context = excluded.rope_context, tags = excluded.tags, level = excluded.level, level_category = excluded.level_category, status = excluded.status, source_id = excluded.source_id;
insert into public.tricks (id, slug, name, aliases, summary, description, difficulty, risk_level, family, axis, takeoff, landing, rope_context, tags, level, level_category, status, source_id, show_source) values ('00000000-0000-4000-9000-000000000047', 't047', '連続バク転', array[]::text[], '倒立系のレベル4技。', '連続バク転は「島本アクロレッスン レベルテスト」由来のレベル4技です。', 3, 3, '倒立系', '移動・切り返し', '未設定', '未設定', '縄内単発', array['倒立系', '倒立系', 'Lv.4'], 4, '倒立系', 'published', '00000000-0000-4000-8000-000000000001', false) on conflict (slug) do update set summary = excluded.summary, description = excluded.description, difficulty = excluded.difficulty, risk_level = excluded.risk_level, family = excluded.family, axis = excluded.axis, takeoff = excluded.takeoff, landing = excluded.landing, rope_context = excluded.rope_context, tags = excluded.tags, level = excluded.level, level_category = excluded.level_category, status = excluded.status, source_id = excluded.source_id;
insert into public.tricks (id, slug, name, aliases, summary, description, difficulty, risk_level, family, axis, takeoff, landing, rope_context, tags, level, level_category, status, source_id, show_source) values ('00000000-0000-4000-9000-000000000048', 't048', 'ドルフィン', array[]::text[], '倒立系のレベル5技。', 'ドルフィンは「島本アクロレッスン レベルテスト」由来のレベル5技です。', 3, 3, '倒立系', '移動・切り返し', '未設定', '未設定', '縄内単発', array['倒立系', '倒立系', 'Lv.5'], 5, '倒立系', 'published', '00000000-0000-4000-8000-000000000001', false) on conflict (slug) do update set summary = excluded.summary, description = excluded.description, difficulty = excluded.difficulty, risk_level = excluded.risk_level, family = excluded.family, axis = excluded.axis, takeoff = excluded.takeoff, landing = excluded.landing, rope_context = excluded.rope_context, tags = excluded.tags, level = excluded.level, level_category = excluded.level_category, status = excluded.status, source_id = excluded.source_id;
insert into public.tricks (id, slug, name, aliases, summary, description, difficulty, risk_level, family, axis, takeoff, landing, rope_context, tags, level, level_category, status, source_id, show_source) values ('00000000-0000-4000-9000-000000000049', 't049-3-to-', '3点倒立→倒立', array[]::text[], '倒立系のレベル5技。', '3点倒立→倒立は「島本アクロレッスン レベルテスト」由来のレベル5技です。', 3, 3, '倒立・床基礎', '倒立軸', '未設定', '未設定', '縄内単発', array['倒立系', '倒立・床基礎', 'Lv.5'], 5, '倒立系', 'published', '00000000-0000-4000-8000-000000000001', false) on conflict (slug) do update set summary = excluded.summary, description = excluded.description, difficulty = excluded.difficulty, risk_level = excluded.risk_level, family = excluded.family, axis = excluded.axis, takeoff = excluded.takeoff, landing = excluded.landing, rope_context = excluded.rope_context, tags = excluded.tags, level = excluded.level, level_category = excluded.level_category, status = excluded.status, source_id = excluded.source_id;
insert into public.tricks (id, slug, name, aliases, summary, description, difficulty, risk_level, family, axis, takeoff, landing, rope_context, tags, level, level_category, status, source_id, show_source) values ('00000000-0000-4000-9000-000000000050', 't050', '後転倒立', array[]::text[], '倒立系のレベル5技。', '後転倒立は「島本アクロレッスン レベルテスト」由来のレベル5技です。', 3, 3, '倒立・床基礎', '倒立軸', '未設定', '未設定', '縄内単発', array['倒立系', '倒立・床基礎', 'Lv.5'], 5, '倒立系', 'published', '00000000-0000-4000-8000-000000000001', false) on conflict (slug) do update set summary = excluded.summary, description = excluded.description, difficulty = excluded.difficulty, risk_level = excluded.risk_level, family = excluded.family, axis = excluded.axis, takeoff = excluded.takeoff, landing = excluded.landing, rope_context = excluded.rope_context, tags = excluded.tags, level = excluded.level, level_category = excluded.level_category, status = excluded.status, source_id = excluded.source_id;
insert into public.tricks (id, slug, name, aliases, summary, description, difficulty, risk_level, family, axis, takeoff, landing, rope_context, tags, level, level_category, status, source_id, show_source) values ('00000000-0000-4000-9000-000000000051', 't051-2', '倒立旋回2周', array[]::text[], '倒立系のレベル5技。', '倒立旋回2周は「島本アクロレッスン レベルテスト」由来のレベル5技です。', 3, 3, '倒立・床基礎', '倒立軸', '未設定', '未設定', '縄内単発', array['倒立系', '倒立・床基礎', 'Lv.5'], 5, '倒立系', 'published', '00000000-0000-4000-8000-000000000001', false) on conflict (slug) do update set summary = excluded.summary, description = excluded.description, difficulty = excluded.difficulty, risk_level = excluded.risk_level, family = excluded.family, axis = excluded.axis, takeoff = excluded.takeoff, landing = excluded.landing, rope_context = excluded.rope_context, tags = excluded.tags, level = excluded.level, level_category = excluded.level_category, status = excluded.status, source_id = excluded.source_id;
insert into public.tricks (id, slug, name, aliases, summary, description, difficulty, risk_level, family, axis, takeoff, landing, rope_context, tags, level, level_category, status, source_id, show_source) values ('00000000-0000-4000-9000-000000000052', 't052', '側宙', array[]::text[], '倒立系のレベル5技。', '側宙は「島本アクロレッスン レベルテスト」由来のレベル5技です。', 3, 3, '空中回転', '縦・横回転', '未設定', '未設定', '縄内単発', array['倒立系', '空中回転', 'Lv.5'], 5, '倒立系', 'published', '00000000-0000-4000-8000-000000000001', false) on conflict (slug) do update set summary = excluded.summary, description = excluded.description, difficulty = excluded.difficulty, risk_level = excluded.risk_level, family = excluded.family, axis = excluded.axis, takeoff = excluded.takeoff, landing = excluded.landing, rope_context = excluded.rope_context, tags = excluded.tags, level = excluded.level, level_category = excluded.level_category, status = excluded.status, source_id = excluded.source_id;
insert into public.tricks (id, slug, name, aliases, summary, description, difficulty, risk_level, family, axis, takeoff, landing, rope_context, tags, level, level_category, status, source_id, show_source) values ('00000000-0000-4000-9000-000000000053', 't053', 'バク転', array[]::text[], '倒立系のレベル5技。', 'バク転は「島本アクロレッスン レベルテスト」由来のレベル5技です。', 3, 3, '倒立系', '移動・切り返し', '未設定', '未設定', '縄内単発', array['倒立系', '倒立系', 'Lv.5'], 5, '倒立系', 'published', '00000000-0000-4000-8000-000000000001', false) on conflict (slug) do update set summary = excluded.summary, description = excluded.description, difficulty = excluded.difficulty, risk_level = excluded.risk_level, family = excluded.family, axis = excluded.axis, takeoff = excluded.takeoff, landing = excluded.landing, rope_context = excluded.rope_context, tags = excluded.tags, level = excluded.level, level_category = excluded.level_category, status = excluded.status, source_id = excluded.source_id;
insert into public.tricks (id, slug, name, aliases, summary, description, difficulty, risk_level, family, axis, takeoff, landing, rope_context, tags, level, level_category, status, source_id, show_source) values ('00000000-0000-4000-9000-000000000054', 't054', 'バックドンキー', array[]::text[], '小技発展のレベル6技。', 'バックドンキーは「島本アクロレッスン レベルテスト」由来のレベル6技です。', 3, 3, '小技発展', '移動・切り返し', '未設定', '未設定', '縄内単発', array['小技発展', '小技発展', 'Lv.6'], 6, '小技発展', 'published', '00000000-0000-4000-8000-000000000001', false) on conflict (slug) do update set summary = excluded.summary, description = excluded.description, difficulty = excluded.difficulty, risk_level = excluded.risk_level, family = excluded.family, axis = excluded.axis, takeoff = excluded.takeoff, landing = excluded.landing, rope_context = excluded.rope_context, tags = excluded.tags, level = excluded.level, level_category = excluded.level_category, status = excluded.status, source_id = excluded.source_id;
insert into public.tricks (id, slug, name, aliases, summary, description, difficulty, risk_level, family, axis, takeoff, landing, rope_context, tags, level, level_category, status, source_id, show_source) values ('00000000-0000-4000-9000-000000000055', 't055', 'ダブルシフト', array[]::text[], '小技発展のレベル6技。', 'ダブルシフトは「島本アクロレッスン レベルテスト」由来のレベル6技です。', 3, 3, '小技発展', '移動・切り返し', '未設定', '未設定', '縄内単発', array['小技発展', '小技発展', 'Lv.6'], 6, '小技発展', 'published', '00000000-0000-4000-8000-000000000001', false) on conflict (slug) do update set summary = excluded.summary, description = excluded.description, difficulty = excluded.difficulty, risk_level = excluded.risk_level, family = excluded.family, axis = excluded.axis, takeoff = excluded.takeoff, landing = excluded.landing, rope_context = excluded.rope_context, tags = excluded.tags, level = excluded.level, level_category = excluded.level_category, status = excluded.status, source_id = excluded.source_id;
insert into public.tricks (id, slug, name, aliases, summary, description, difficulty, risk_level, family, axis, takeoff, landing, rope_context, tags, level, level_category, status, source_id, show_source) values ('00000000-0000-4000-9000-000000000056', 't056', 'ロンバク', array[]::text[], '小技発展のレベル6技。', 'ロンバクは「島本アクロレッスン レベルテスト」由来のレベル6技です。', 3, 3, '小技発展', '移動・切り返し', '未設定', '未設定', '縄内単発', array['小技発展', '小技発展', 'Lv.6'], 6, '小技発展', 'published', '00000000-0000-4000-8000-000000000001', false) on conflict (slug) do update set summary = excluded.summary, description = excluded.description, difficulty = excluded.difficulty, risk_level = excluded.risk_level, family = excluded.family, axis = excluded.axis, takeoff = excluded.takeoff, landing = excluded.landing, rope_context = excluded.rope_context, tags = excluded.tags, level = excluded.level, level_category = excluded.level_category, status = excluded.status, source_id = excluded.source_id;
insert into public.tricks (id, slug, name, aliases, summary, description, difficulty, risk_level, family, axis, takeoff, landing, rope_context, tags, level, level_category, status, source_id, show_source) values ('00000000-0000-4000-9000-000000000057', 't057', 'ラビット', array[]::text[], '小技発展のレベル6技。', 'ラビットは「島本アクロレッスン レベルテスト」由来のレベル6技です。', 3, 3, '小技発展', '移動・切り返し', '未設定', '未設定', '縄内単発', array['小技発展', '小技発展', 'Lv.6'], 6, '小技発展', 'published', '00000000-0000-4000-8000-000000000001', false) on conflict (slug) do update set summary = excluded.summary, description = excluded.description, difficulty = excluded.difficulty, risk_level = excluded.risk_level, family = excluded.family, axis = excluded.axis, takeoff = excluded.takeoff, landing = excluded.landing, rope_context = excluded.rope_context, tags = excluded.tags, level = excluded.level, level_category = excluded.level_category, status = excluded.status, source_id = excluded.source_id;
insert into public.tricks (id, slug, name, aliases, summary, description, difficulty, risk_level, family, axis, takeoff, landing, rope_context, tags, level, level_category, status, source_id, show_source) values ('00000000-0000-4000-9000-000000000058', 't058', 'ライズ', array[]::text[], '小技発展のレベル6技。', 'ライズは「島本アクロレッスン レベルテスト」由来のレベル6技です。', 3, 3, 'トリッキング', '移動・切り返し', '未設定', '未設定', '縄内単発', array['小技発展', 'トリッキング', 'Lv.6'], 6, '小技発展', 'published', '00000000-0000-4000-8000-000000000001', false) on conflict (slug) do update set summary = excluded.summary, description = excluded.description, difficulty = excluded.difficulty, risk_level = excluded.risk_level, family = excluded.family, axis = excluded.axis, takeoff = excluded.takeoff, landing = excluded.landing, rope_context = excluded.rope_context, tags = excluded.tags, level = excluded.level, level_category = excluded.level_category, status = excluded.status, source_id = excluded.source_id;
insert into public.tricks (id, slug, name, aliases, summary, description, difficulty, risk_level, family, axis, takeoff, landing, rope_context, tags, level, level_category, status, source_id, show_source) values ('00000000-0000-4000-9000-000000000059', 't059', 'てんつく', array[]::text[], '小技発展のレベル6技。', 'てんつくは「島本アクロレッスン レベルテスト」由来のレベル6技です。', 3, 3, '小技発展', '移動・切り返し', '未設定', '未設定', '縄内単発', array['小技発展', '小技発展', 'Lv.6'], 6, '小技発展', 'published', '00000000-0000-4000-8000-000000000001', false) on conflict (slug) do update set summary = excluded.summary, description = excluded.description, difficulty = excluded.difficulty, risk_level = excluded.risk_level, family = excluded.family, axis = excluded.axis, takeoff = excluded.takeoff, landing = excluded.landing, rope_context = excluded.rope_context, tags = excluded.tags, level = excluded.level, level_category = excluded.level_category, status = excluded.status, source_id = excluded.source_id;
insert into public.tricks (id, slug, name, aliases, summary, description, difficulty, risk_level, family, axis, takeoff, landing, rope_context, tags, level, level_category, status, source_id, show_source) values ('00000000-0000-4000-9000-000000000060', 't060', '側転ツイスト', array[]::text[], '小技発展のレベル6技。', '側転ツイストは「島本アクロレッスン レベルテスト」由来のレベル6技です。', 3, 3, 'ひねり', 'ひねり軸', '未設定', '未設定', '縄内単発', array['小技発展', 'ひねり', 'Lv.6'], 6, '小技発展', 'published', '00000000-0000-4000-8000-000000000001', false) on conflict (slug) do update set summary = excluded.summary, description = excluded.description, difficulty = excluded.difficulty, risk_level = excluded.risk_level, family = excluded.family, axis = excluded.axis, takeoff = excluded.takeoff, landing = excluded.landing, rope_context = excluded.rope_context, tags = excluded.tags, level = excluded.level, level_category = excluded.level_category, status = excluded.status, source_id = excluded.source_id;
insert into public.tricks (id, slug, name, aliases, summary, description, difficulty, risk_level, family, axis, takeoff, landing, rope_context, tags, level, level_category, status, source_id, show_source) values ('00000000-0000-4000-9000-000000000061', 't061', 'エアツイガンビ', array[]::text[], '小技発展のレベル6技。', 'エアツイガンビは「島本アクロレッスン レベルテスト」由来のレベル6技です。', 3, 3, 'トリッキング', '移動・切り返し', '未設定', '未設定', '縄内単発', array['小技発展', 'トリッキング', 'Lv.6'], 6, '小技発展', 'published', '00000000-0000-4000-8000-000000000001', false) on conflict (slug) do update set summary = excluded.summary, description = excluded.description, difficulty = excluded.difficulty, risk_level = excluded.risk_level, family = excluded.family, axis = excluded.axis, takeoff = excluded.takeoff, landing = excluded.landing, rope_context = excluded.rope_context, tags = excluded.tags, level = excluded.level, level_category = excluded.level_category, status = excluded.status, source_id = excluded.source_id;
insert into public.tricks (id, slug, name, aliases, summary, description, difficulty, risk_level, family, axis, takeoff, landing, rope_context, tags, level, level_category, status, source_id, show_source) values ('00000000-0000-4000-9000-000000000062', 't062-540', '540', array[]::text[], '小技発展のレベル6技。', '540は「島本アクロレッスン レベルテスト」由来のレベル6技です。', 3, 3, 'トリッキング', '移動・切り返し', '未設定', '未設定', '縄内単発', array['小技発展', 'トリッキング', 'Lv.6'], 6, '小技発展', 'published', '00000000-0000-4000-8000-000000000001', false) on conflict (slug) do update set summary = excluded.summary, description = excluded.description, difficulty = excluded.difficulty, risk_level = excluded.risk_level, family = excluded.family, axis = excluded.axis, takeoff = excluded.takeoff, landing = excluded.landing, rope_context = excluded.rope_context, tags = excluded.tags, level = excluded.level, level_category = excluded.level_category, status = excluded.status, source_id = excluded.source_id;
insert into public.tricks (id, slug, name, aliases, summary, description, difficulty, risk_level, family, axis, takeoff, landing, rope_context, tags, level, level_category, status, source_id, show_source) values ('00000000-0000-4000-9000-000000000063', 't063', 'サイドスワイプ', array[]::text[], '小技発展のレベル6技。', 'サイドスワイプは「島本アクロレッスン レベルテスト」由来のレベル6技です。', 3, 3, 'ブレイキン', '床回転', '未設定', '未設定', '縄内単発', array['小技発展', 'ブレイキン', 'Lv.6'], 6, '小技発展', 'published', '00000000-0000-4000-8000-000000000001', false) on conflict (slug) do update set summary = excluded.summary, description = excluded.description, difficulty = excluded.difficulty, risk_level = excluded.risk_level, family = excluded.family, axis = excluded.axis, takeoff = excluded.takeoff, landing = excluded.landing, rope_context = excluded.rope_context, tags = excluded.tags, level = excluded.level, level_category = excluded.level_category, status = excluded.status, source_id = excluded.source_id;
insert into public.tricks (id, slug, name, aliases, summary, description, difficulty, risk_level, family, axis, takeoff, landing, rope_context, tags, level, level_category, status, source_id, show_source) values ('00000000-0000-4000-9000-000000000064', 't064', 'ヘベルサオン', array[]::text[], '小技発展のレベル6技。', 'ヘベルサオンは「島本アクロレッスン レベルテスト」由来のレベル6技です。', 3, 3, '小技発展', '移動・切り返し', '未設定', '未設定', '縄内単発', array['小技発展', '小技発展', 'Lv.6'], 6, '小技発展', 'published', '00000000-0000-4000-8000-000000000001', false) on conflict (slug) do update set summary = excluded.summary, description = excluded.description, difficulty = excluded.difficulty, risk_level = excluded.risk_level, family = excluded.family, axis = excluded.axis, takeoff = excluded.takeoff, landing = excluded.landing, rope_context = excluded.rope_context, tags = excluded.tags, level = excluded.level, level_category = excluded.level_category, status = excluded.status, source_id = excluded.source_id;
insert into public.tricks (id, slug, name, aliases, summary, description, difficulty, risk_level, family, axis, takeoff, landing, rope_context, tags, level, level_category, status, source_id, show_source) values ('00000000-0000-4000-9000-000000000065', 't065', 'ガンビ', array[]::text[], '小技発展のレベル6技。', 'ガンビは「島本アクロレッスン レベルテスト」由来のレベル6技です。', 3, 3, 'トリッキング', '移動・切り返し', '未設定', '未設定', '縄内単発', array['小技発展', 'トリッキング', 'Lv.6'], 6, '小技発展', 'published', '00000000-0000-4000-8000-000000000001', false) on conflict (slug) do update set summary = excluded.summary, description = excluded.description, difficulty = excluded.difficulty, risk_level = excluded.risk_level, family = excluded.family, axis = excluded.axis, takeoff = excluded.takeoff, landing = excluded.landing, rope_context = excluded.rope_context, tags = excluded.tags, level = excluded.level, level_category = excluded.level_category, status = excluded.status, source_id = excluded.source_id;
insert into public.tricks (id, slug, name, aliases, summary, description, difficulty, risk_level, family, axis, takeoff, landing, rope_context, tags, level, level_category, status, source_id, show_source) values ('00000000-0000-4000-9000-000000000066', 't066', 'レインボー', array[]::text[], '小技発展のレベル6技。', 'レインボーは「島本アクロレッスン レベルテスト」由来のレベル6技です。', 3, 3, '小技発展', '移動・切り返し', '未設定', '未設定', '縄内単発', array['小技発展', '小技発展', 'Lv.6'], 6, '小技発展', 'published', '00000000-0000-4000-8000-000000000001', false) on conflict (slug) do update set summary = excluded.summary, description = excluded.description, difficulty = excluded.difficulty, risk_level = excluded.risk_level, family = excluded.family, axis = excluded.axis, takeoff = excluded.takeoff, landing = excluded.landing, rope_context = excluded.rope_context, tags = excluded.tags, level = excluded.level, level_category = excluded.level_category, status = excluded.status, source_id = excluded.source_id;
insert into public.tricks (id, slug, name, aliases, summary, description, difficulty, risk_level, family, axis, takeoff, landing, rope_context, tags, level, level_category, status, source_id, show_source) values ('00000000-0000-4000-9000-000000000067', 't067', 'ハローバック', array[]::text[], '小技発展のレベル6技。', 'ハローバックは「島本アクロレッスン レベルテスト」由来のレベル6技です。', 3, 3, '小技発展', '移動・切り返し', '未設定', '未設定', '縄内単発', array['小技発展', '小技発展', 'Lv.6'], 6, '小技発展', 'published', '00000000-0000-4000-8000-000000000001', false) on conflict (slug) do update set summary = excluded.summary, description = excluded.description, difficulty = excluded.difficulty, risk_level = excluded.risk_level, family = excluded.family, axis = excluded.axis, takeoff = excluded.takeoff, landing = excluded.landing, rope_context = excluded.rope_context, tags = excluded.tags, level = excluded.level, level_category = excluded.level_category, status = excluded.status, source_id = excluded.source_id;
insert into public.tricks (id, slug, name, aliases, summary, description, difficulty, risk_level, family, axis, takeoff, landing, rope_context, tags, level, level_category, status, source_id, show_source) values ('00000000-0000-4000-9000-000000000068', 't068', 'マカコ', array[]::text[], '小技発展のレベル6技。', 'マカコは「島本アクロレッスン レベルテスト」由来のレベル6技です。', 3, 3, 'トリッキング', '移動・切り返し', '未設定', '未設定', '縄内単発', array['小技発展', 'トリッキング', 'Lv.6'], 6, '小技発展', 'published', '00000000-0000-4000-8000-000000000001', false) on conflict (slug) do update set summary = excluded.summary, description = excluded.description, difficulty = excluded.difficulty, risk_level = excluded.risk_level, family = excluded.family, axis = excluded.axis, takeoff = excluded.takeoff, landing = excluded.landing, rope_context = excluded.rope_context, tags = excluded.tags, level = excluded.level, level_category = excluded.level_category, status = excluded.status, source_id = excluded.source_id;
insert into public.tricks (id, slug, name, aliases, summary, description, difficulty, risk_level, family, axis, takeoff, landing, rope_context, tags, level, level_category, status, source_id, show_source) values ('00000000-0000-4000-9000-000000000069', 't069', 'コインドロップ', array[]::text[], '小技発展のレベル6技。', 'コインドロップは「島本アクロレッスン レベルテスト」由来のレベル6技です。', 3, 3, 'ブレイキン', '床回転', '未設定', '未設定', '縄内単発', array['小技発展', 'ブレイキン', 'Lv.6'], 6, '小技発展', 'published', '00000000-0000-4000-8000-000000000001', false) on conflict (slug) do update set summary = excluded.summary, description = excluded.description, difficulty = excluded.difficulty, risk_level = excluded.risk_level, family = excluded.family, axis = excluded.axis, takeoff = excluded.takeoff, landing = excluded.landing, rope_context = excluded.rope_context, tags = excluded.tags, level = excluded.level, level_category = excluded.level_category, status = excluded.status, source_id = excluded.source_id;
insert into public.tricks (id, slug, name, aliases, summary, description, difficulty, risk_level, family, axis, takeoff, landing, rope_context, tags, level, level_category, status, source_id, show_source) values ('00000000-0000-4000-9000-000000000070', 't070', 'ボム', array[]::text[], '小技発展のレベル6技。', 'ボムは「島本アクロレッスン レベルテスト」由来のレベル6技です。', 3, 3, 'ブレイキン', '床回転', '未設定', '未設定', '縄内単発', array['小技発展', 'ブレイキン', 'Lv.6'], 6, '小技発展', 'published', '00000000-0000-4000-8000-000000000001', false) on conflict (slug) do update set summary = excluded.summary, description = excluded.description, difficulty = excluded.difficulty, risk_level = excluded.risk_level, family = excluded.family, axis = excluded.axis, takeoff = excluded.takeoff, landing = excluded.landing, rope_context = excluded.rope_context, tags = excluded.tags, level = excluded.level, level_category = excluded.level_category, status = excluded.status, source_id = excluded.source_id;
insert into public.tricks (id, slug, name, aliases, summary, description, difficulty, risk_level, family, axis, takeoff, landing, rope_context, tags, level, level_category, status, source_id, show_source) values ('00000000-0000-4000-9000-000000000071', 't071', 'スワイプス', array[]::text[], '小技発展のレベル6技。', 'スワイプスは「島本アクロレッスン レベルテスト」由来のレベル6技です。', 3, 3, 'ブレイキン', '床回転', '未設定', '未設定', '縄内単発', array['小技発展', 'ブレイキン', 'Lv.6'], 6, '小技発展', 'published', '00000000-0000-4000-8000-000000000001', false) on conflict (slug) do update set summary = excluded.summary, description = excluded.description, difficulty = excluded.difficulty, risk_level = excluded.risk_level, family = excluded.family, axis = excluded.axis, takeoff = excluded.takeoff, landing = excluded.landing, rope_context = excluded.rope_context, tags = excluded.tags, level = excluded.level, level_category = excluded.level_category, status = excluded.status, source_id = excluded.source_id;
insert into public.tricks (id, slug, name, aliases, summary, description, difficulty, risk_level, family, axis, takeoff, landing, rope_context, tags, level, level_category, status, source_id, show_source) values ('00000000-0000-4000-9000-000000000072', 't072', 'ロン宙', array[]::text[], '空中系基礎のレベル7技。', 'ロン宙は「島本アクロレッスン レベルテスト」由来のレベル7技です。', 4, 4, '空中回転', '縦・横回転', '未設定', '未設定', '縄内単発', array['空中系基礎', '空中回転', 'Lv.7'], 7, '空中系基礎', 'published', '00000000-0000-4000-8000-000000000001', false) on conflict (slug) do update set summary = excluded.summary, description = excluded.description, difficulty = excluded.difficulty, risk_level = excluded.risk_level, family = excluded.family, axis = excluded.axis, takeoff = excluded.takeoff, landing = excluded.landing, rope_context = excluded.rope_context, tags = excluded.tags, level = excluded.level, level_category = excluded.level_category, status = excluded.status, source_id = excluded.source_id;
insert into public.tricks (id, slug, name, aliases, summary, description, difficulty, risk_level, family, axis, takeoff, landing, rope_context, tags, level, level_category, status, source_id, show_source) values ('00000000-0000-4000-9000-000000000073', 't073', '前宙', array[]::text[], '空中系基礎のレベル7技。', '前宙は「島本アクロレッスン レベルテスト」由来のレベル7技です。', 4, 4, '空中回転', '縦・横回転', '未設定', '未設定', '縄内単発', array['空中系基礎', '空中回転', 'Lv.7'], 7, '空中系基礎', 'published', '00000000-0000-4000-8000-000000000001', false) on conflict (slug) do update set summary = excluded.summary, description = excluded.description, difficulty = excluded.difficulty, risk_level = excluded.risk_level, family = excluded.family, axis = excluded.axis, takeoff = excluded.takeoff, landing = excluded.landing, rope_context = excluded.rope_context, tags = excluded.tags, level = excluded.level, level_category = excluded.level_category, status = excluded.status, source_id = excluded.source_id;
insert into public.tricks (id, slug, name, aliases, summary, description, difficulty, risk_level, family, axis, takeoff, landing, rope_context, tags, level, level_category, status, source_id, show_source) values ('00000000-0000-4000-9000-000000000074', 't074', 'ウェブスター', array[]::text[], '空中系基礎のレベル7技。', 'ウェブスターは「島本アクロレッスン レベルテスト」由来のレベル7技です。', 4, 4, '空中回転', '縦・横回転', '未設定', '未設定', '縄内単発', array['空中系基礎', '空中回転', 'Lv.7'], 7, '空中系基礎', 'published', '00000000-0000-4000-8000-000000000001', false) on conflict (slug) do update set summary = excluded.summary, description = excluded.description, difficulty = excluded.difficulty, risk_level = excluded.risk_level, family = excluded.family, axis = excluded.axis, takeoff = excluded.takeoff, landing = excluded.landing, rope_context = excluded.rope_context, tags = excluded.tags, level = excluded.level, level_category = excluded.level_category, status = excluded.status, source_id = excluded.source_id;
insert into public.tricks (id, slug, name, aliases, summary, description, difficulty, risk_level, family, axis, takeoff, landing, rope_context, tags, level, level_category, status, source_id, show_source) values ('00000000-0000-4000-9000-000000000075', 't075', '背面フリップ', array[]::text[], '空中系基礎のレベル7技。', '背面フリップは「島本アクロレッスン レベルテスト」由来のレベル7技です。', 4, 4, '空中回転', '縦・横回転', '未設定', '未設定', '縄内単発', array['空中系基礎', '空中回転', 'Lv.7'], 7, '空中系基礎', 'published', '00000000-0000-4000-8000-000000000001', false) on conflict (slug) do update set summary = excluded.summary, description = excluded.description, difficulty = excluded.difficulty, risk_level = excluded.risk_level, family = excluded.family, axis = excluded.axis, takeoff = excluded.takeoff, landing = excluded.landing, rope_context = excluded.rope_context, tags = excluded.tags, level = excluded.level, level_category = excluded.level_category, status = excluded.status, source_id = excluded.source_id;
insert into public.tricks (id, slug, name, aliases, summary, description, difficulty, risk_level, family, axis, takeoff, landing, rope_context, tags, level, level_category, status, source_id, show_source) values ('00000000-0000-4000-9000-000000000076', 't076', 'サイドフリップ', array[]::text[], '空中系基礎のレベル7技。', 'サイドフリップは「島本アクロレッスン レベルテスト」由来のレベル7技です。', 4, 4, '空中回転', '縦・横回転', '未設定', '未設定', '縄内単発', array['空中系基礎', '空中回転', 'Lv.7'], 7, '空中系基礎', 'published', '00000000-0000-4000-8000-000000000001', false) on conflict (slug) do update set summary = excluded.summary, description = excluded.description, difficulty = excluded.difficulty, risk_level = excluded.risk_level, family = excluded.family, axis = excluded.axis, takeoff = excluded.takeoff, landing = excluded.landing, rope_context = excluded.rope_context, tags = excluded.tags, level = excluded.level, level_category = excluded.level_category, status = excluded.status, source_id = excluded.source_id;
insert into public.tricks (id, slug, name, aliases, summary, description, difficulty, risk_level, family, axis, takeoff, landing, rope_context, tags, level, level_category, status, source_id, show_source) values ('00000000-0000-4000-9000-000000000077', 't077', 'バタフライツイスト', array[]::text[], '空中系基礎のレベル7技。', 'バタフライツイストは「島本アクロレッスン レベルテスト」由来のレベル7技です。', 4, 4, 'ひねり', 'ひねり軸', '未設定', '未設定', '縄内単発', array['空中系基礎', 'ひねり', 'Lv.7'], 7, '空中系基礎', 'published', '00000000-0000-4000-8000-000000000001', false) on conflict (slug) do update set summary = excluded.summary, description = excluded.description, difficulty = excluded.difficulty, risk_level = excluded.risk_level, family = excluded.family, axis = excluded.axis, takeoff = excluded.takeoff, landing = excluded.landing, rope_context = excluded.rope_context, tags = excluded.tags, level = excluded.level, level_category = excluded.level_category, status = excluded.status, source_id = excluded.source_id;
insert into public.tricks (id, slug, name, aliases, summary, description, difficulty, risk_level, family, axis, takeoff, landing, rope_context, tags, level, level_category, status, source_id, show_source) values ('00000000-0000-4000-9000-000000000078', 't078', 'カートサイド', array[]::text[], '空中系基礎のレベル7技。', 'カートサイドは「島本アクロレッスン レベルテスト」由来のレベル7技です。', 4, 4, '空中系基礎', '移動・切り返し', '未設定', '未設定', '縄内単発', array['空中系基礎', '空中系基礎', 'Lv.7'], 7, '空中系基礎', 'published', '00000000-0000-4000-8000-000000000001', false) on conflict (slug) do update set summary = excluded.summary, description = excluded.description, difficulty = excluded.difficulty, risk_level = excluded.risk_level, family = excluded.family, axis = excluded.axis, takeoff = excluded.takeoff, landing = excluded.landing, rope_context = excluded.rope_context, tags = excluded.tags, level = excluded.level, level_category = excluded.level_category, status = excluded.status, source_id = excluded.source_id;
insert into public.tricks (id, slug, name, aliases, summary, description, difficulty, risk_level, family, axis, takeoff, landing, rope_context, tags, level, level_category, status, source_id, show_source) values ('00000000-0000-4000-9000-000000000079', 't079', 'ロン横', array[]::text[], '空中系基礎のレベル7技。', 'ロン横は「島本アクロレッスン レベルテスト」由来のレベル7技です。', 4, 4, '空中系基礎', '移動・切り返し', '未設定', '未設定', '縄内単発', array['空中系基礎', '空中系基礎', 'Lv.7'], 7, '空中系基礎', 'published', '00000000-0000-4000-8000-000000000001', false) on conflict (slug) do update set summary = excluded.summary, description = excluded.description, difficulty = excluded.difficulty, risk_level = excluded.risk_level, family = excluded.family, axis = excluded.axis, takeoff = excluded.takeoff, landing = excluded.landing, rope_context = excluded.rope_context, tags = excluded.tags, level = excluded.level, level_category = excluded.level_category, status = excluded.status, source_id = excluded.source_id;
insert into public.tricks (id, slug, name, aliases, summary, description, difficulty, risk_level, family, axis, takeoff, landing, rope_context, tags, level, level_category, status, source_id, show_source) values ('00000000-0000-4000-9000-000000000080', 't080', 'スタン宙', array[]::text[], '空中系基礎のレベル7技。', 'スタン宙は「島本アクロレッスン レベルテスト」由来のレベル7技です。', 4, 4, '空中回転', '縦・横回転', '未設定', '未設定', '縄内単発', array['空中系基礎', '空中回転', 'Lv.7'], 7, '空中系基礎', 'published', '00000000-0000-4000-8000-000000000001', false) on conflict (slug) do update set summary = excluded.summary, description = excluded.description, difficulty = excluded.difficulty, risk_level = excluded.risk_level, family = excluded.family, axis = excluded.axis, takeoff = excluded.takeoff, landing = excluded.landing, rope_context = excluded.rope_context, tags = excluded.tags, level = excluded.level, level_category = excluded.level_category, status = excluded.status, source_id = excluded.source_id;
insert into public.tricks (id, slug, name, aliases, summary, description, difficulty, risk_level, family, axis, takeoff, landing, rope_context, tags, level, level_category, status, source_id, show_source) values ('00000000-0000-4000-9000-000000000081', 't081', 'ゲイナー', array[]::text[], '空中系基礎のレベル7技。', 'ゲイナーは「島本アクロレッスン レベルテスト」由来のレベル7技です。', 4, 4, '空中回転', '縦・横回転', '未設定', '未設定', '縄内単発', array['空中系基礎', '空中回転', 'Lv.7'], 7, '空中系基礎', 'published', '00000000-0000-4000-8000-000000000001', false) on conflict (slug) do update set summary = excluded.summary, description = excluded.description, difficulty = excluded.difficulty, risk_level = excluded.risk_level, family = excluded.family, axis = excluded.axis, takeoff = excluded.takeoff, landing = excluded.landing, rope_context = excluded.rope_context, tags = excluded.tags, level = excluded.level, level_category = excluded.level_category, status = excluded.status, source_id = excluded.source_id;
insert into public.tricks (id, slug, name, aliases, summary, description, difficulty, risk_level, family, axis, takeoff, landing, rope_context, tags, level, level_category, status, source_id, show_source) values ('00000000-0000-4000-9000-000000000082', 't082', 'バッファ', array[]::text[], '空中系基礎のレベル7技。', 'バッファは「島本アクロレッスン レベルテスト」由来のレベル7技です。', 4, 4, '空中回転', '縦・横回転', '未設定', '未設定', '縄内単発', array['空中系基礎', '空中回転', 'Lv.7'], 7, '空中系基礎', 'published', '00000000-0000-4000-8000-000000000001', false) on conflict (slug) do update set summary = excluded.summary, description = excluded.description, difficulty = excluded.difficulty, risk_level = excluded.risk_level, family = excluded.family, axis = excluded.axis, takeoff = excluded.takeoff, landing = excluded.landing, rope_context = excluded.rope_context, tags = excluded.tags, level = excluded.level, level_category = excluded.level_category, status = excluded.status, source_id = excluded.source_id;
insert into public.tricks (id, slug, name, aliases, summary, description, difficulty, risk_level, family, axis, takeoff, landing, rope_context, tags, level, level_category, status, source_id, show_source) values ('00000000-0000-4000-9000-000000000083', 't083', 'ウインドミル', array[]::text[], '空中系基礎のレベル7技。', 'ウインドミルは「島本アクロレッスン レベルテスト」由来のレベル7技です。', 4, 4, 'ブレイキン', '床回転', '未設定', '未設定', '縄内単発', array['空中系基礎', 'ブレイキン', 'Lv.7'], 7, '空中系基礎', 'published', '00000000-0000-4000-8000-000000000001', false) on conflict (slug) do update set summary = excluded.summary, description = excluded.description, difficulty = excluded.difficulty, risk_level = excluded.risk_level, family = excluded.family, axis = excluded.axis, takeoff = excluded.takeoff, landing = excluded.landing, rope_context = excluded.rope_context, tags = excluded.tags, level = excluded.level, level_category = excluded.level_category, status = excluded.status, source_id = excluded.source_id;
insert into public.tricks (id, slug, name, aliases, summary, description, difficulty, risk_level, family, axis, takeoff, landing, rope_context, tags, level, level_category, status, source_id, show_source) values ('00000000-0000-4000-9000-000000000084', 't084', '女側宙', array[]::text[], '空中系基礎のレベル7技。', '女側宙は「島本アクロレッスン レベルテスト」由来のレベル7技です。', 4, 4, '空中回転', '縦・横回転', '未設定', '未設定', '縄内単発', array['空中系基礎', '空中回転', 'Lv.7'], 7, '空中系基礎', 'published', '00000000-0000-4000-8000-000000000001', false) on conflict (slug) do update set summary = excluded.summary, description = excluded.description, difficulty = excluded.difficulty, risk_level = excluded.risk_level, family = excluded.family, axis = excluded.axis, takeoff = excluded.takeoff, landing = excluded.landing, rope_context = excluded.rope_context, tags = excluded.tags, level = excluded.level, level_category = excluded.level_category, status = excluded.status, source_id = excluded.source_id;
insert into public.tricks (id, slug, name, aliases, summary, description, difficulty, risk_level, family, axis, takeoff, landing, rope_context, tags, level, level_category, status, source_id, show_source) values ('00000000-0000-4000-9000-000000000085', 't085', '横転', array[]::text[], '空中系基礎のレベル7技。', '横転は「島本アクロレッスン レベルテスト」由来のレベル7技です。', 4, 4, '空中系基礎', '移動・切り返し', '未設定', '未設定', '縄内単発', array['空中系基礎', '空中系基礎', 'Lv.7'], 7, '空中系基礎', 'published', '00000000-0000-4000-8000-000000000001', false) on conflict (slug) do update set summary = excluded.summary, description = excluded.description, difficulty = excluded.difficulty, risk_level = excluded.risk_level, family = excluded.family, axis = excluded.axis, takeoff = excluded.takeoff, landing = excluded.landing, rope_context = excluded.rope_context, tags = excluded.tags, level = excluded.level, level_category = excluded.level_category, status = excluded.status, source_id = excluded.source_id;
insert into public.tricks (id, slug, name, aliases, summary, description, difficulty, risk_level, family, axis, takeoff, landing, rope_context, tags, level, level_category, status, source_id, show_source) values ('00000000-0000-4000-9000-000000000086', 't086', '背面', array[]::text[], '空中系基礎のレベル7技。', '背面は「島本アクロレッスン レベルテスト」由来のレベル7技です。', 4, 4, '空中系基礎', '移動・切り返し', '未設定', '未設定', '縄内単発', array['空中系基礎', '空中系基礎', 'Lv.7'], 7, '空中系基礎', 'published', '00000000-0000-4000-8000-000000000001', false) on conflict (slug) do update set summary = excluded.summary, description = excluded.description, difficulty = excluded.difficulty, risk_level = excluded.risk_level, family = excluded.family, axis = excluded.axis, takeoff = excluded.takeoff, landing = excluded.landing, rope_context = excluded.rope_context, tags = excluded.tags, level = excluded.level, level_category = excluded.level_category, status = excluded.status, source_id = excluded.source_id;
insert into public.tricks (id, slug, name, aliases, summary, description, difficulty, risk_level, family, axis, takeoff, landing, rope_context, tags, level, level_category, status, source_id, show_source) values ('00000000-0000-4000-9000-000000000087', 't087', 'スワン宙', array[]::text[], '空中系応用のレベル8技。', 'スワン宙は「島本アクロレッスン レベルテスト」由来のレベル8技です。', 4, 4, '空中回転', '縦・横回転', '未設定', '未設定', '縄内単発', array['空中系応用', '空中回転', 'Lv.8'], 8, '空中系応用', 'published', '00000000-0000-4000-8000-000000000001', false) on conflict (slug) do update set summary = excluded.summary, description = excluded.description, difficulty = excluded.difficulty, risk_level = excluded.risk_level, family = excluded.family, axis = excluded.axis, takeoff = excluded.takeoff, landing = excluded.landing, rope_context = excluded.rope_context, tags = excluded.tags, level = excluded.level, level_category = excluded.level_category, status = excluded.status, source_id = excluded.source_id;
insert into public.tricks (id, slug, name, aliases, summary, description, difficulty, risk_level, family, axis, takeoff, landing, rope_context, tags, level, level_category, status, source_id, show_source) values ('00000000-0000-4000-9000-000000000088', 't088', 'ルーザー', array[]::text[], '空中系応用のレベル8技。', 'ルーザーは「島本アクロレッスン レベルテスト」由来のレベル8技です。', 4, 4, '空中系応用', '移動・切り返し', '未設定', '未設定', '縄内単発', array['空中系応用', '空中系応用', 'Lv.8'], 8, '空中系応用', 'published', '00000000-0000-4000-8000-000000000001', false) on conflict (slug) do update set summary = excluded.summary, description = excluded.description, difficulty = excluded.difficulty, risk_level = excluded.risk_level, family = excluded.family, axis = excluded.axis, takeoff = excluded.takeoff, landing = excluded.landing, rope_context = excluded.rope_context, tags = excluded.tags, level = excluded.level, level_category = excluded.level_category, status = excluded.status, source_id = excluded.source_id;
insert into public.tricks (id, slug, name, aliases, summary, description, difficulty, risk_level, family, axis, takeoff, landing, rope_context, tags, level, level_category, status, source_id, show_source) values ('00000000-0000-4000-9000-000000000089', 't089', 'アックスウェブスター', array[]::text[], '空中系応用のレベル8技。', 'アックスウェブスターは「島本アクロレッスン レベルテスト」由来のレベル8技です。', 4, 4, '空中回転', '縦・横回転', '未設定', '未設定', '縄内単発', array['空中系応用', '空中回転', 'Lv.8'], 8, '空中系応用', 'published', '00000000-0000-4000-8000-000000000001', false) on conflict (slug) do update set summary = excluded.summary, description = excluded.description, difficulty = excluded.difficulty, risk_level = excluded.risk_level, family = excluded.family, axis = excluded.axis, takeoff = excluded.takeoff, landing = excluded.landing, rope_context = excluded.rope_context, tags = excluded.tags, level = excluded.level, level_category = excluded.level_category, status = excluded.status, source_id = excluded.source_id;
insert into public.tricks (id, slug, name, aliases, summary, description, difficulty, risk_level, family, axis, takeoff, landing, rope_context, tags, level, level_category, status, source_id, show_source) values ('00000000-0000-4000-9000-000000000090', 't090--to-', 'バク転→バク宙', array[]::text[], '空中系応用のレベル8技。', 'バク転→バク宙は「島本アクロレッスン レベルテスト」由来のレベル8技です。', 4, 4, '空中回転', '縦・横回転', '未設定', '未設定', '縄内単発', array['空中系応用', '空中回転', 'Lv.8'], 8, '空中系応用', 'published', '00000000-0000-4000-8000-000000000001', false) on conflict (slug) do update set summary = excluded.summary, description = excluded.description, difficulty = excluded.difficulty, risk_level = excluded.risk_level, family = excluded.family, axis = excluded.axis, takeoff = excluded.takeoff, landing = excluded.landing, rope_context = excluded.rope_context, tags = excluded.tags, level = excluded.level, level_category = excluded.level_category, status = excluded.status, source_id = excluded.source_id;
insert into public.tricks (id, slug, name, aliases, summary, description, difficulty, risk_level, family, axis, takeoff, landing, rope_context, tags, level, level_category, status, source_id, show_source) values ('00000000-0000-4000-9000-000000000091', 't091', 'フラッシュキック', array[]::text[], '空中系応用のレベル8技。', 'フラッシュキックは「島本アクロレッスン レベルテスト」由来のレベル8技です。', 4, 4, '空中系応用', '移動・切り返し', '未設定', '未設定', '縄内単発', array['空中系応用', '空中系応用', 'Lv.8'], 8, '空中系応用', 'published', '00000000-0000-4000-8000-000000000001', false) on conflict (slug) do update set summary = excluded.summary, description = excluded.description, difficulty = excluded.difficulty, risk_level = excluded.risk_level, family = excluded.family, axis = excluded.axis, takeoff = excluded.takeoff, landing = excluded.landing, rope_context = excluded.rope_context, tags = excluded.tags, level = excluded.level, level_category = excluded.level_category, status = excluded.status, source_id = excluded.source_id;
insert into public.tricks (id, slug, name, aliases, summary, description, difficulty, risk_level, family, axis, takeoff, landing, rope_context, tags, level, level_category, status, source_id, show_source) values ('00000000-0000-4000-9000-000000000092', 't092', '伸身バッファ', array[]::text[], '空中系応用のレベル8技。', '伸身バッファは「島本アクロレッスン レベルテスト」由来のレベル8技です。', 4, 4, '空中回転', '縦・横回転', '未設定', '未設定', '縄内単発', array['空中系応用', '空中回転', 'Lv.8'], 8, '空中系応用', 'published', '00000000-0000-4000-8000-000000000001', false) on conflict (slug) do update set summary = excluded.summary, description = excluded.description, difficulty = excluded.difficulty, risk_level = excluded.risk_level, family = excluded.family, axis = excluded.axis, takeoff = excluded.takeoff, landing = excluded.landing, rope_context = excluded.rope_context, tags = excluded.tags, level = excluded.level, level_category = excluded.level_category, status = excluded.status, source_id = excluded.source_id;
insert into public.tricks (id, slug, name, aliases, summary, description, difficulty, risk_level, family, axis, takeoff, landing, rope_context, tags, level, level_category, status, source_id, show_source) values ('00000000-0000-4000-9000-000000000093', 't093', 'ロンバク宙', array[]::text[], '空中系応用のレベル8技。', 'ロンバク宙は「島本アクロレッスン レベルテスト」由来のレベル8技です。', 4, 4, '空中回転', '縦・横回転', '未設定', '未設定', '縄内単発', array['空中系応用', '空中回転', 'Lv.8'], 8, '空中系応用', 'published', '00000000-0000-4000-8000-000000000001', false) on conflict (slug) do update set summary = excluded.summary, description = excluded.description, difficulty = excluded.difficulty, risk_level = excluded.risk_level, family = excluded.family, axis = excluded.axis, takeoff = excluded.takeoff, landing = excluded.landing, rope_context = excluded.rope_context, tags = excluded.tags, level = excluded.level, level_category = excluded.level_category, status = excluded.status, source_id = excluded.source_id;
insert into public.tricks (id, slug, name, aliases, summary, description, difficulty, risk_level, family, axis, takeoff, landing, rope_context, tags, level, level_category, status, source_id, show_source) values ('00000000-0000-4000-9000-000000000094', 't094', 'テンポ宙', array[]::text[], '空中系応用のレベル8技。', 'テンポ宙は「島本アクロレッスン レベルテスト」由来のレベル8技です。', 4, 4, '空中回転', '縦・横回転', '未設定', '未設定', '縄内単発', array['空中系応用', '空中回転', 'Lv.8'], 8, '空中系応用', 'published', '00000000-0000-4000-8000-000000000001', false) on conflict (slug) do update set summary = excluded.summary, description = excluded.description, difficulty = excluded.difficulty, risk_level = excluded.risk_level, family = excluded.family, axis = excluded.axis, takeoff = excluded.takeoff, landing = excluded.landing, rope_context = excluded.rope_context, tags = excluded.tags, level = excluded.level, level_category = excluded.level_category, status = excluded.status, source_id = excluded.source_id;
insert into public.tricks (id, slug, name, aliases, summary, description, difficulty, risk_level, family, axis, takeoff, landing, rope_context, tags, level, level_category, status, source_id, show_source) values ('00000000-0000-4000-9000-000000000095', 't095', 'エアリアルツイスト', array[]::text[], '空中系応用のレベル8技。', 'エアリアルツイストは「島本アクロレッスン レベルテスト」由来のレベル8技です。', 4, 4, 'ひねり', 'ひねり軸', '未設定', '未設定', '縄内単発', array['空中系応用', 'ひねり', 'Lv.8'], 8, '空中系応用', 'published', '00000000-0000-4000-8000-000000000001', false) on conflict (slug) do update set summary = excluded.summary, description = excluded.description, difficulty = excluded.difficulty, risk_level = excluded.risk_level, family = excluded.family, axis = excluded.axis, takeoff = excluded.takeoff, landing = excluded.landing, rope_context = excluded.rope_context, tags = excluded.tags, level = excluded.level, level_category = excluded.level_category, status = excluded.status, source_id = excluded.source_id;
insert into public.tricks (id, slug, name, aliases, summary, description, difficulty, risk_level, family, axis, takeoff, landing, rope_context, tags, level, level_category, status, source_id, show_source) values ('00000000-0000-4000-9000-000000000096', 't096', 'ブランディー', array[]::text[], '空中系応用のレベル8技。', 'ブランディーは「島本アクロレッスン レベルテスト」由来のレベル8技です。', 4, 4, '空中回転', '移動・切り返し', '未設定', '未設定', '縄内単発', array['空中系応用', '空中回転', 'Lv.8'], 8, '空中系応用', 'published', '00000000-0000-4000-8000-000000000001', false) on conflict (slug) do update set summary = excluded.summary, description = excluded.description, difficulty = excluded.difficulty, risk_level = excluded.risk_level, family = excluded.family, axis = excluded.axis, takeoff = excluded.takeoff, landing = excluded.landing, rope_context = excluded.rope_context, tags = excluded.tags, level = excluded.level, level_category = excluded.level_category, status = excluded.status, source_id = excluded.source_id;
insert into public.tricks (id, slug, name, aliases, summary, description, difficulty, risk_level, family, axis, takeoff, landing, rope_context, tags, level, level_category, status, source_id, show_source) values ('00000000-0000-4000-9000-000000000097', 't097', '猫宙', array[]::text[], '空中系応用のレベル8技。', '猫宙は「島本アクロレッスン レベルテスト」由来のレベル8技です。', 4, 4, '空中回転', '縦・横回転', '未設定', '未設定', '縄内単発', array['空中系応用', '空中回転', 'Lv.8'], 8, '空中系応用', 'published', '00000000-0000-4000-8000-000000000001', false) on conflict (slug) do update set summary = excluded.summary, description = excluded.description, difficulty = excluded.difficulty, risk_level = excluded.risk_level, family = excluded.family, axis = excluded.axis, takeoff = excluded.takeoff, landing = excluded.landing, rope_context = excluded.rope_context, tags = excluded.tags, level = excluded.level, level_category = excluded.level_category, status = excluded.status, source_id = excluded.source_id;
insert into public.tricks (id, slug, name, aliases, summary, description, difficulty, risk_level, family, axis, takeoff, landing, rope_context, tags, level, level_category, status, source_id, show_source) values ('00000000-0000-4000-9000-000000000098', 't098', 'カートアラビアン', array[]::text[], '空中系応用のレベル8技。', 'カートアラビアンは「島本アクロレッスン レベルテスト」由来のレベル8技です。', 4, 4, '空中系応用', '移動・切り返し', '未設定', '未設定', '縄内単発', array['空中系応用', '空中系応用', 'Lv.8'], 8, '空中系応用', 'published', '00000000-0000-4000-8000-000000000001', false) on conflict (slug) do update set summary = excluded.summary, description = excluded.description, difficulty = excluded.difficulty, risk_level = excluded.risk_level, family = excluded.family, axis = excluded.axis, takeoff = excluded.takeoff, landing = excluded.landing, rope_context = excluded.rope_context, tags = excluded.tags, level = excluded.level, level_category = excluded.level_category, status = excluded.status, source_id = excluded.source_id;
insert into public.tricks (id, slug, name, aliases, summary, description, difficulty, risk_level, family, axis, takeoff, landing, rope_context, tags, level, level_category, status, source_id, show_source) values ('00000000-0000-4000-9000-000000000099', 't099', '反り宙', array[]::text[], '空中系応用のレベル8技。', '反り宙は「島本アクロレッスン レベルテスト」由来のレベル8技です。', 4, 4, '空中回転', '縦・横回転', '未設定', '未設定', '縄内単発', array['空中系応用', '空中回転', 'Lv.8'], 8, '空中系応用', 'published', '00000000-0000-4000-8000-000000000001', false) on conflict (slug) do update set summary = excluded.summary, description = excluded.description, difficulty = excluded.difficulty, risk_level = excluded.risk_level, family = excluded.family, axis = excluded.axis, takeoff = excluded.takeoff, landing = excluded.landing, rope_context = excluded.rope_context, tags = excluded.tags, level = excluded.level, level_category = excluded.level_category, status = excluded.status, source_id = excluded.source_id;
insert into public.tricks (id, slug, name, aliases, summary, description, difficulty, risk_level, family, axis, takeoff, landing, rope_context, tags, level, level_category, status, source_id, show_source) values ('00000000-0000-4000-9000-000000000100', 't100', 'ムーンキック', array[]::text[], '空中系応用のレベル8技。', 'ムーンキックは「島本アクロレッスン レベルテスト」由来のレベル8技です。', 4, 4, '空中系応用', '移動・切り返し', '未設定', '未設定', '縄内単発', array['空中系応用', '空中系応用', 'Lv.8'], 8, '空中系応用', 'published', '00000000-0000-4000-8000-000000000001', false) on conflict (slug) do update set summary = excluded.summary, description = excluded.description, difficulty = excluded.difficulty, risk_level = excluded.risk_level, family = excluded.family, axis = excluded.axis, takeoff = excluded.takeoff, landing = excluded.landing, rope_context = excluded.rope_context, tags = excluded.tags, level = excluded.level, level_category = excluded.level_category, status = excluded.status, source_id = excluded.source_id;
insert into public.tricks (id, slug, name, aliases, summary, description, difficulty, risk_level, family, axis, takeoff, landing, rope_context, tags, level, level_category, status, source_id, show_source) values ('00000000-0000-4000-9000-000000000101', 't101', 'ムーンフリップ', array[]::text[], '空中系応用のレベル8技。', 'ムーンフリップは「島本アクロレッスン レベルテスト」由来のレベル8技です。', 4, 4, '空中回転', '縦・横回転', '未設定', '未設定', '縄内単発', array['空中系応用', '空中回転', 'Lv.8'], 8, '空中系応用', 'published', '00000000-0000-4000-8000-000000000001', false) on conflict (slug) do update set summary = excluded.summary, description = excluded.description, difficulty = excluded.difficulty, risk_level = excluded.risk_level, family = excluded.family, axis = excluded.axis, takeoff = excluded.takeoff, landing = excluded.landing, rope_context = excluded.rope_context, tags = excluded.tags, level = excluded.level, level_category = excluded.level_category, status = excluded.status, source_id = excluded.source_id;
insert into public.tricks (id, slug, name, aliases, summary, description, difficulty, risk_level, family, axis, takeoff, landing, rope_context, tags, level, level_category, status, source_id, show_source) values ('00000000-0000-4000-9000-000000000102', 't102', 'ロケットボーイ', array[]::text[], '空中系応用のレベル8技。', 'ロケットボーイは「島本アクロレッスン レベルテスト」由来のレベル8技です。', 4, 4, '空中回転', '移動・切り返し', '未設定', '未設定', '縄内単発', array['空中系応用', '空中回転', 'Lv.8'], 8, '空中系応用', 'published', '00000000-0000-4000-8000-000000000001', false) on conflict (slug) do update set summary = excluded.summary, description = excluded.description, difficulty = excluded.difficulty, risk_level = excluded.risk_level, family = excluded.family, axis = excluded.axis, takeoff = excluded.takeoff, landing = excluded.landing, rope_context = excluded.rope_context, tags = excluded.tags, level = excluded.level, level_category = excluded.level_category, status = excluded.status, source_id = excluded.source_id;
insert into public.tricks (id, slug, name, aliases, summary, description, difficulty, risk_level, family, axis, takeoff, landing, rope_context, tags, level, level_category, status, source_id, show_source) values ('00000000-0000-4000-9000-000000000103', 't103', 'イリュージョンツイスト', array[]::text[], '空中系応用のレベル8技。', 'イリュージョンツイストは「島本アクロレッスン レベルテスト」由来のレベル8技です。', 4, 4, 'ひねり', 'ひねり軸', '未設定', '未設定', '縄内単発', array['空中系応用', 'ひねり', 'Lv.8'], 8, '空中系応用', 'published', '00000000-0000-4000-8000-000000000001', false) on conflict (slug) do update set summary = excluded.summary, description = excluded.description, difficulty = excluded.difficulty, risk_level = excluded.risk_level, family = excluded.family, axis = excluded.axis, takeoff = excluded.takeoff, landing = excluded.landing, rope_context = excluded.rope_context, tags = excluded.tags, level = excluded.level, level_category = excluded.level_category, status = excluded.status, source_id = excluded.source_id;
insert into public.tricks (id, slug, name, aliases, summary, description, difficulty, risk_level, family, axis, takeoff, landing, rope_context, tags, level, level_category, status, source_id, show_source) values ('00000000-0000-4000-9000-000000000104', 't104', 'ヘリコプテイロ', array[]::text[], '空中系応用のレベル8技。', 'ヘリコプテイロは「島本アクロレッスン レベルテスト」由来のレベル8技です。', 4, 4, '空中系応用', '移動・切り返し', '未設定', '未設定', '縄内単発', array['空中系応用', '空中系応用', 'Lv.8'], 8, '空中系応用', 'published', '00000000-0000-4000-8000-000000000001', false) on conflict (slug) do update set summary = excluded.summary, description = excluded.description, difficulty = excluded.difficulty, risk_level = excluded.risk_level, family = excluded.family, axis = excluded.axis, takeoff = excluded.takeoff, landing = excluded.landing, rope_context = excluded.rope_context, tags = excluded.tags, level = excluded.level, level_category = excluded.level_category, status = excluded.status, source_id = excluded.source_id;
insert into public.tricks (id, slug, name, aliases, summary, description, difficulty, risk_level, family, axis, takeoff, landing, rope_context, tags, level, level_category, status, source_id, show_source) values ('00000000-0000-4000-9000-000000000105', 't105', 'トーマス', array[]::text[], '空中系応用のレベル8技。', 'トーマスは「島本アクロレッスン レベルテスト」由来のレベル8技です。', 4, 4, 'ブレイキン', '床回転', '未設定', '未設定', '縄内単発', array['空中系応用', 'ブレイキン', 'Lv.8'], 8, '空中系応用', 'published', '00000000-0000-4000-8000-000000000001', false) on conflict (slug) do update set summary = excluded.summary, description = excluded.description, difficulty = excluded.difficulty, risk_level = excluded.risk_level, family = excluded.family, axis = excluded.axis, takeoff = excluded.takeoff, landing = excluded.landing, rope_context = excluded.rope_context, tags = excluded.tags, level = excluded.level, level_category = excluded.level_category, status = excluded.status, source_id = excluded.source_id;
insert into public.tricks (id, slug, name, aliases, summary, description, difficulty, risk_level, family, axis, takeoff, landing, rope_context, tags, level, level_category, status, source_id, show_source) values ('00000000-0000-4000-9000-000000000106', 't106', 'エリオ', array[]::text[], '空中系応用のレベル8技。', 'エリオは「島本アクロレッスン レベルテスト」由来のレベル8技です。', 4, 4, 'ブレイキン', '床回転', '未設定', '未設定', '縄内単発', array['空中系応用', 'ブレイキン', 'Lv.8'], 8, '空中系応用', 'published', '00000000-0000-4000-8000-000000000001', false) on conflict (slug) do update set summary = excluded.summary, description = excluded.description, difficulty = excluded.difficulty, risk_level = excluded.risk_level, family = excluded.family, axis = excluded.axis, takeoff = excluded.takeoff, landing = excluded.landing, rope_context = excluded.rope_context, tags = excluded.tags, level = excluded.level, level_category = excluded.level_category, status = excluded.status, source_id = excluded.source_id;
insert into public.tricks (id, slug, name, aliases, summary, description, difficulty, risk_level, family, axis, takeoff, landing, rope_context, tags, level, level_category, status, source_id, show_source) values ('00000000-0000-4000-9000-000000000107', 't107', 'ベビーウインド', array[]::text[], '空中系応用のレベル8技。', 'ベビーウインドは「島本アクロレッスン レベルテスト」由来のレベル8技です。', 4, 4, 'ブレイキン', '床回転', '未設定', '未設定', '縄内単発', array['空中系応用', 'ブレイキン', 'Lv.8'], 8, '空中系応用', 'published', '00000000-0000-4000-8000-000000000001', false) on conflict (slug) do update set summary = excluded.summary, description = excluded.description, difficulty = excluded.difficulty, risk_level = excluded.risk_level, family = excluded.family, axis = excluded.axis, takeoff = excluded.takeoff, landing = excluded.landing, rope_context = excluded.rope_context, tags = excluded.tags, level = excluded.level, level_category = excluded.level_category, status = excluded.status, source_id = excluded.source_id;
insert into public.tricks (id, slug, name, aliases, summary, description, difficulty, risk_level, family, axis, takeoff, landing, rope_context, tags, level, level_category, status, source_id, show_source) values ('00000000-0000-4000-9000-000000000108', 't108', '前宙ひねり', array[]::text[], '空中系応用のレベル8技。', '前宙ひねりは「島本アクロレッスン レベルテスト」由来のレベル8技です。', 4, 4, 'ひねり', 'ひねり軸', '未設定', '未設定', '縄内単発', array['空中系応用', 'ひねり', 'Lv.8'], 8, '空中系応用', 'published', '00000000-0000-4000-8000-000000000001', false) on conflict (slug) do update set summary = excluded.summary, description = excluded.description, difficulty = excluded.difficulty, risk_level = excluded.risk_level, family = excluded.family, axis = excluded.axis, takeoff = excluded.takeoff, landing = excluded.landing, rope_context = excluded.rope_context, tags = excluded.tags, level = excluded.level, level_category = excluded.level_category, status = excluded.status, source_id = excluded.source_id;
insert into public.tricks (id, slug, name, aliases, summary, description, difficulty, risk_level, family, axis, takeoff, landing, rope_context, tags, level, level_category, status, source_id, show_source) values ('00000000-0000-4000-9000-000000000109', 't109', '逆宙', array[]::text[], '空中系応用のレベル8技。', '逆宙は「島本アクロレッスン レベルテスト」由来のレベル8技です。', 4, 4, '空中回転', '縦・横回転', '未設定', '未設定', '縄内単発', array['空中系応用', '空中回転', 'Lv.8'], 8, '空中系応用', 'published', '00000000-0000-4000-8000-000000000001', false) on conflict (slug) do update set summary = excluded.summary, description = excluded.description, difficulty = excluded.difficulty, risk_level = excluded.risk_level, family = excluded.family, axis = excluded.axis, takeoff = excluded.takeoff, landing = excluded.landing, rope_context = excluded.rope_context, tags = excluded.tags, level = excluded.level, level_category = excluded.level_category, status = excluded.status, source_id = excluded.source_id;
insert into public.tricks (id, slug, name, aliases, summary, description, difficulty, risk_level, family, axis, takeoff, landing, rope_context, tags, level, level_category, status, source_id, show_source) values ('00000000-0000-4000-9000-000000000110', 't110', 'コークスクリュー', array[]::text[], '空中回転1回ひねりのレベル9技。', 'コークスクリューは「島本アクロレッスン レベルテスト」由来のレベル9技です。', 5, 5, 'ひねり', 'ひねり軸', '未設定', '未設定', '縄内単発', array['空中回転1回ひねり', 'ひねり', 'Lv.9'], 9, '空中回転1回ひねり', 'published', '00000000-0000-4000-8000-000000000001', false) on conflict (slug) do update set summary = excluded.summary, description = excluded.description, difficulty = excluded.difficulty, risk_level = excluded.risk_level, family = excluded.family, axis = excluded.axis, takeoff = excluded.takeoff, landing = excluded.landing, rope_context = excluded.rope_context, tags = excluded.tags, level = excluded.level, level_category = excluded.level_category, status = excluded.status, source_id = excluded.source_id;
insert into public.tricks (id, slug, name, aliases, summary, description, difficulty, risk_level, family, axis, takeoff, landing, rope_context, tags, level, level_category, status, source_id, show_source) values ('00000000-0000-4000-9000-000000000111', 't111', 'トリプルフラッシュキック', array[]::text[], '空中回転1回ひねりのレベル9技。', 'トリプルフラッシュキックは「島本アクロレッスン レベルテスト」由来のレベル9技です。', 5, 5, '空中回転1回ひねり', '移動・切り返し', '未設定', '未設定', '縄内単発', array['空中回転1回ひねり', '空中回転1回ひねり', 'Lv.9'], 9, '空中回転1回ひねり', 'published', '00000000-0000-4000-8000-000000000001', false) on conflict (slug) do update set summary = excluded.summary, description = excluded.description, difficulty = excluded.difficulty, risk_level = excluded.risk_level, family = excluded.family, axis = excluded.axis, takeoff = excluded.takeoff, landing = excluded.landing, rope_context = excluded.rope_context, tags = excluded.tags, level = excluded.level, level_category = excluded.level_category, status = excluded.status, source_id = excluded.source_id;
insert into public.tricks (id, slug, name, aliases, summary, description, difficulty, risk_level, family, axis, takeoff, landing, rope_context, tags, level, level_category, status, source_id, show_source) values ('00000000-0000-4000-9000-000000000112', 't112-1', 'ロン宙1回ひねり', array[]::text[], '空中回転1回ひねりのレベル9技。', 'ロン宙1回ひねりは「島本アクロレッスン レベルテスト」由来のレベル9技です。', 5, 5, 'ひねり', 'ひねり軸', '未設定', '未設定', '縄内単発', array['空中回転1回ひねり', 'ひねり', 'Lv.9'], 9, '空中回転1回ひねり', 'published', '00000000-0000-4000-8000-000000000001', false) on conflict (slug) do update set summary = excluded.summary, description = excluded.description, difficulty = excluded.difficulty, risk_level = excluded.risk_level, family = excluded.family, axis = excluded.axis, takeoff = excluded.takeoff, landing = excluded.landing, rope_context = excluded.rope_context, tags = excluded.tags, level = excluded.level, level_category = excluded.level_category, status = excluded.status, source_id = excluded.source_id;
insert into public.tricks (id, slug, name, aliases, summary, description, difficulty, risk_level, family, axis, takeoff, landing, rope_context, tags, level, level_category, status, source_id, show_source) values ('00000000-0000-4000-9000-000000000113', 't113', 'ロデオ', array[]::text[], '空中回転1回ひねりのレベル9技。', 'ロデオは「島本アクロレッスン レベルテスト」由来のレベル9技です。', 5, 5, 'ひねり', 'ひねり軸', '未設定', '未設定', '縄内単発', array['空中回転1回ひねり', 'ひねり', 'Lv.9'], 9, '空中回転1回ひねり', 'published', '00000000-0000-4000-8000-000000000001', false) on conflict (slug) do update set summary = excluded.summary, description = excluded.description, difficulty = excluded.difficulty, risk_level = excluded.risk_level, family = excluded.family, axis = excluded.axis, takeoff = excluded.takeoff, landing = excluded.landing, rope_context = excluded.rope_context, tags = excluded.tags, level = excluded.level, level_category = excluded.level_category, status = excluded.status, source_id = excluded.source_id;
insert into public.tricks (id, slug, name, aliases, summary, description, difficulty, risk_level, family, axis, takeoff, landing, rope_context, tags, level, level_category, status, source_id, show_source) values ('00000000-0000-4000-9000-000000000114', 't114', 'ジーザスフリップ', array[]::text[], '空中回転1回ひねりのレベル9技。', 'ジーザスフリップは「島本アクロレッスン レベルテスト」由来のレベル9技です。', 5, 5, '空中回転', '縦・横回転', '未設定', '未設定', '縄内単発', array['空中回転1回ひねり', '空中回転', 'Lv.9'], 9, '空中回転1回ひねり', 'published', '00000000-0000-4000-8000-000000000001', false) on conflict (slug) do update set summary = excluded.summary, description = excluded.description, difficulty = excluded.difficulty, risk_level = excluded.risk_level, family = excluded.family, axis = excluded.axis, takeoff = excluded.takeoff, landing = excluded.landing, rope_context = excluded.rope_context, tags = excluded.tags, level = excluded.level, level_category = excluded.level_category, status = excluded.status, source_id = excluded.source_id;
insert into public.tricks (id, slug, name, aliases, summary, description, difficulty, risk_level, family, axis, takeoff, landing, rope_context, tags, level, level_category, status, source_id, show_source) values ('00000000-0000-4000-9000-000000000115', 't115', 'クロスアウト', array[]::text[], '空中回転1回ひねりのレベル9技。', 'クロスアウトは「島本アクロレッスン レベルテスト」由来のレベル9技です。', 5, 5, 'ひねり', 'ひねり軸', '未設定', '未設定', '縄内単発', array['空中回転1回ひねり', 'ひねり', 'Lv.9'], 9, '空中回転1回ひねり', 'published', '00000000-0000-4000-8000-000000000001', false) on conflict (slug) do update set summary = excluded.summary, description = excluded.description, difficulty = excluded.difficulty, risk_level = excluded.risk_level, family = excluded.family, axis = excluded.axis, takeoff = excluded.takeoff, landing = excluded.landing, rope_context = excluded.rope_context, tags = excluded.tags, level = excluded.level, level_category = excluded.level_category, status = excluded.status, source_id = excluded.source_id;
insert into public.tricks (id, slug, name, aliases, summary, description, difficulty, risk_level, family, axis, takeoff, landing, rope_context, tags, level, level_category, status, source_id, show_source) values ('00000000-0000-4000-9000-000000000116', 't116', 'カートフルツイスト', array[]::text[], '空中回転1回ひねりのレベル9技。', 'カートフルツイストは「島本アクロレッスン レベルテスト」由来のレベル9技です。', 5, 5, 'ひねり', 'ひねり軸', '未設定', '未設定', '縄内単発', array['空中回転1回ひねり', 'ひねり', 'Lv.9'], 9, '空中回転1回ひねり', 'published', '00000000-0000-4000-8000-000000000001', false) on conflict (slug) do update set summary = excluded.summary, description = excluded.description, difficulty = excluded.difficulty, risk_level = excluded.risk_level, family = excluded.family, axis = excluded.axis, takeoff = excluded.takeoff, landing = excluded.landing, rope_context = excluded.rope_context, tags = excluded.tags, level = excluded.level, level_category = excluded.level_category, status = excluded.status, source_id = excluded.source_id;
insert into public.tricks (id, slug, name, aliases, summary, description, difficulty, risk_level, family, axis, takeoff, landing, rope_context, tags, level, level_category, status, source_id, show_source) values ('00000000-0000-4000-9000-000000000117', 't117', 'スクートフルツイスト', array[]::text[], '空中回転1回ひねりのレベル9技。', 'スクートフルツイストは「島本アクロレッスン レベルテスト」由来のレベル9技です。', 5, 5, 'ひねり', 'ひねり軸', '未設定', '未設定', '縄内単発', array['空中回転1回ひねり', 'ひねり', 'Lv.9'], 9, '空中回転1回ひねり', 'published', '00000000-0000-4000-8000-000000000001', false) on conflict (slug) do update set summary = excluded.summary, description = excluded.description, difficulty = excluded.difficulty, risk_level = excluded.risk_level, family = excluded.family, axis = excluded.axis, takeoff = excluded.takeoff, landing = excluded.landing, rope_context = excluded.rope_context, tags = excluded.tags, level = excluded.level, level_category = excluded.level_category, status = excluded.status, source_id = excluded.source_id;
insert into public.tricks (id, slug, name, aliases, summary, description, difficulty, risk_level, family, axis, takeoff, landing, rope_context, tags, level, level_category, status, source_id, show_source) values ('00000000-0000-4000-9000-000000000118', 't118', 'フルロール', array[]::text[], '空中回転1回ひねりのレベル9技。', 'フルロールは「島本アクロレッスン レベルテスト」由来のレベル9技です。', 5, 5, 'ひねり', 'ひねり軸', '未設定', '未設定', '縄内単発', array['空中回転1回ひねり', 'ひねり', 'Lv.9'], 9, '空中回転1回ひねり', 'published', '00000000-0000-4000-8000-000000000001', false) on conflict (slug) do update set summary = excluded.summary, description = excluded.description, difficulty = excluded.difficulty, risk_level = excluded.risk_level, family = excluded.family, axis = excluded.axis, takeoff = excluded.takeoff, landing = excluded.landing, rope_context = excluded.rope_context, tags = excluded.tags, level = excluded.level, level_category = excluded.level_category, status = excluded.status, source_id = excluded.source_id;
insert into public.tricks (id, slug, name, aliases, summary, description, difficulty, risk_level, family, axis, takeoff, landing, rope_context, tags, level, level_category, status, source_id, show_source) values ('00000000-0000-4000-9000-000000000119', 't119', 'タッチダウンライズ', array[]::text[], '空中回転1回ひねりのレベル9技。', 'タッチダウンライズは「島本アクロレッスン レベルテスト」由来のレベル9技です。', 5, 5, 'トリッキング', '移動・切り返し', '未設定', '未設定', '縄内単発', array['空中回転1回ひねり', 'トリッキング', 'Lv.9'], 9, '空中回転1回ひねり', 'published', '00000000-0000-4000-8000-000000000001', false) on conflict (slug) do update set summary = excluded.summary, description = excluded.description, difficulty = excluded.difficulty, risk_level = excluded.risk_level, family = excluded.family, axis = excluded.axis, takeoff = excluded.takeoff, landing = excluded.landing, rope_context = excluded.rope_context, tags = excluded.tags, level = excluded.level, level_category = excluded.level_category, status = excluded.status, source_id = excluded.source_id;
insert into public.tricks (id, slug, name, aliases, summary, description, difficulty, risk_level, family, axis, takeoff, landing, rope_context, tags, level, level_category, status, source_id, show_source) values ('00000000-0000-4000-9000-000000000120', 't120', '溜め背面', array[]::text[], '空中回転1回ひねりのレベル9技。', '溜め背面は「島本アクロレッスン レベルテスト」由来のレベル9技です。', 5, 5, '空中回転1回ひねり', '移動・切り返し', '未設定', '未設定', '縄内単発', array['空中回転1回ひねり', '空中回転1回ひねり', 'Lv.9'], 9, '空中回転1回ひねり', 'published', '00000000-0000-4000-8000-000000000001', false) on conflict (slug) do update set summary = excluded.summary, description = excluded.description, difficulty = excluded.difficulty, risk_level = excluded.risk_level, family = excluded.family, axis = excluded.axis, takeoff = excluded.takeoff, landing = excluded.landing, rope_context = excluded.rope_context, tags = excluded.tags, level = excluded.level, level_category = excluded.level_category, status = excluded.status, source_id = excluded.source_id;
insert into public.tricks (id, slug, name, aliases, summary, description, difficulty, risk_level, family, axis, takeoff, landing, rope_context, tags, level, level_category, status, source_id, show_source) values ('00000000-0000-4000-9000-000000000121', 't121', 'ラップフルツイスト', array[]::text[], '空中回転1回ひねりのレベル9技。', 'ラップフルツイストは「島本アクロレッスン レベルテスト」由来のレベル9技です。', 5, 5, 'ひねり', 'ひねり軸', '未設定', '未設定', '縄内単発', array['空中回転1回ひねり', 'ひねり', 'Lv.9'], 9, '空中回転1回ひねり', 'published', '00000000-0000-4000-8000-000000000001', false) on conflict (slug) do update set summary = excluded.summary, description = excluded.description, difficulty = excluded.difficulty, risk_level = excluded.risk_level, family = excluded.family, axis = excluded.axis, takeoff = excluded.takeoff, landing = excluded.landing, rope_context = excluded.rope_context, tags = excluded.tags, level = excluded.level, level_category = excluded.level_category, status = excluded.status, source_id = excluded.source_id;
insert into public.tricks (id, slug, name, aliases, summary, description, difficulty, risk_level, family, axis, takeoff, landing, rope_context, tags, level, level_category, status, source_id, show_source) values ('00000000-0000-4000-9000-000000000122', 't122-a', 'Aトラックス', array[]::text[], '空中回転1回ひねりのレベル9技。', 'Aトラックスは「島本アクロレッスン レベルテスト」由来のレベル9技です。', 5, 5, 'ひねり', 'ひねり軸', '未設定', '未設定', '縄内単発', array['空中回転1回ひねり', 'ひねり', 'Lv.9'], 9, '空中回転1回ひねり', 'published', '00000000-0000-4000-8000-000000000001', false) on conflict (slug) do update set summary = excluded.summary, description = excluded.description, difficulty = excluded.difficulty, risk_level = excluded.risk_level, family = excluded.family, axis = excluded.axis, takeoff = excluded.takeoff, landing = excluded.landing, rope_context = excluded.rope_context, tags = excluded.tags, level = excluded.level, level_category = excluded.level_category, status = excluded.status, source_id = excluded.source_id;
insert into public.tricks (id, slug, name, aliases, summary, description, difficulty, risk_level, family, axis, takeoff, landing, rope_context, tags, level, level_category, status, source_id, show_source) values ('00000000-0000-4000-9000-000000000123', 't123-1990', '1990', array[]::text[], '空中回転1回ひねりのレベル9技。', '1990は「島本アクロレッスン レベルテスト」由来のレベル9技です。', 5, 5, 'ブレイキン', '倒立軸', '未設定', '未設定', '縄内単発', array['空中回転1回ひねり', 'ブレイキン', 'Lv.9'], 9, '空中回転1回ひねり', 'published', '00000000-0000-4000-8000-000000000001', false) on conflict (slug) do update set summary = excluded.summary, description = excluded.description, difficulty = excluded.difficulty, risk_level = excluded.risk_level, family = excluded.family, axis = excluded.axis, takeoff = excluded.takeoff, landing = excluded.landing, rope_context = excluded.rope_context, tags = excluded.tags, level = excluded.level, level_category = excluded.level_category, status = excluded.status, source_id = excluded.source_id;
insert into public.tricks (id, slug, name, aliases, summary, description, difficulty, risk_level, family, axis, takeoff, landing, rope_context, tags, level, level_category, status, source_id, show_source) values ('00000000-0000-4000-9000-000000000124', 't124-2000', '2000', array[]::text[], '空中回転1回ひねりのレベル9技。', '2000は「島本アクロレッスン レベルテスト」由来のレベル9技です。', 5, 5, 'ブレイキン', '倒立軸', '未設定', '未設定', '縄内単発', array['空中回転1回ひねり', 'ブレイキン', 'Lv.9'], 9, '空中回転1回ひねり', 'published', '00000000-0000-4000-8000-000000000001', false) on conflict (slug) do update set summary = excluded.summary, description = excluded.description, difficulty = excluded.difficulty, risk_level = excluded.risk_level, family = excluded.family, axis = excluded.axis, takeoff = excluded.takeoff, landing = excluded.landing, rope_context = excluded.rope_context, tags = excluded.tags, level = excluded.level, level_category = excluded.level_category, status = excluded.status, source_id = excluded.source_id;
insert into public.tricks (id, slug, name, aliases, summary, description, difficulty, risk_level, family, axis, takeoff, landing, rope_context, tags, level, level_category, status, source_id, show_source) values ('00000000-0000-4000-9000-000000000125', 't125', 'オリジナル技', array[]::text[], '空中回転1回ひねり＋αのレベル10技。', 'オリジナル技は「島本アクロレッスン レベルテスト」由来のレベル10技です。', 5, 5, '空中回転1回ひねり＋α', '移動・切り返し', '未設定', '未設定', '縄内単発', array['空中回転1回ひねり＋α', '空中回転1回ひねり＋α', 'Lv.10'], 10, '空中回転1回ひねり＋α', 'published', '00000000-0000-4000-8000-000000000001', false) on conflict (slug) do update set summary = excluded.summary, description = excluded.description, difficulty = excluded.difficulty, risk_level = excluded.risk_level, family = excluded.family, axis = excluded.axis, takeoff = excluded.takeoff, landing = excluded.landing, rope_context = excluded.rope_context, tags = excluded.tags, level = excluded.level, level_category = excluded.level_category, status = excluded.status, source_id = excluded.source_id;
insert into public.tricks (id, slug, name, aliases, summary, description, difficulty, risk_level, family, axis, takeoff, landing, rope_context, tags, level, level_category, status, source_id, show_source) values ('00000000-0000-4000-9000-000000000126', 't126-15', '1.5回ひねり', array[]::text[], '空中回転1回ひねり＋αのレベル10技。', '1.5回ひねりは「島本アクロレッスン レベルテスト」由来のレベル10技です。', 5, 5, 'ひねり', 'ひねり軸', '未設定', '未設定', '縄内単発', array['空中回転1回ひねり＋α', 'ひねり', 'Lv.10'], 10, '空中回転1回ひねり＋α', 'published', '00000000-0000-4000-8000-000000000001', false) on conflict (slug) do update set summary = excluded.summary, description = excluded.description, difficulty = excluded.difficulty, risk_level = excluded.risk_level, family = excluded.family, axis = excluded.axis, takeoff = excluded.takeoff, landing = excluded.landing, rope_context = excluded.rope_context, tags = excluded.tags, level = excluded.level, level_category = excluded.level_category, status = excluded.status, source_id = excluded.source_id;
insert into public.tricks (id, slug, name, aliases, summary, description, difficulty, risk_level, family, axis, takeoff, landing, rope_context, tags, level, level_category, status, source_id, show_source) values ('00000000-0000-4000-9000-000000000127', 't127', 'フルハイパー', array[]::text[], '空中回転1回ひねり＋αのレベル10技。', 'フルハイパーは「島本アクロレッスン レベルテスト」由来のレベル10技です。', 5, 5, 'ひねり', 'ひねり軸', '未設定', '未設定', '縄内単発', array['空中回転1回ひねり＋α', 'ひねり', 'Lv.10'], 10, '空中回転1回ひねり＋α', 'published', '00000000-0000-4000-8000-000000000001', false) on conflict (slug) do update set summary = excluded.summary, description = excluded.description, difficulty = excluded.difficulty, risk_level = excluded.risk_level, family = excluded.family, axis = excluded.axis, takeoff = excluded.takeoff, landing = excluded.landing, rope_context = excluded.rope_context, tags = excluded.tags, level = excluded.level, level_category = excluded.level_category, status = excluded.status, source_id = excluded.source_id;
insert into public.tricks (id, slug, name, aliases, summary, description, difficulty, risk_level, family, axis, takeoff, landing, rope_context, tags, level, level_category, status, source_id, show_source) values ('00000000-0000-4000-9000-000000000128', 't128-2', '空中系2つ以上の連続技', array[]::text[], '空中回転1回ひねり＋αのレベル10技。', '空中系2つ以上の連続技は「島本アクロレッスン レベルテスト」由来のレベル10技です。', 5, 5, '空中回転1回ひねり＋α', '移動・切り返し', '未設定', '未設定', '縄内単発', array['空中回転1回ひねり＋α', '空中回転1回ひねり＋α', 'Lv.10'], 10, '空中回転1回ひねり＋α', 'published', '00000000-0000-4000-8000-000000000001', false) on conflict (slug) do update set summary = excluded.summary, description = excluded.description, difficulty = excluded.difficulty, risk_level = excluded.risk_level, family = excluded.family, axis = excluded.axis, takeoff = excluded.takeoff, landing = excluded.landing, rope_context = excluded.rope_context, tags = excluded.tags, level = excluded.level, level_category = excluded.level_category, status = excluded.status, source_id = excluded.source_id;
insert into public.level_tests (level, category, title, pass_condition, trick_ids, source_id) values (1, '倒立系', '体を動かせるようになろう', '記載技をすべてクリア', array['00000000-0000-4000-9000-000000000001', '00000000-0000-4000-9000-000000000002', '00000000-0000-4000-9000-000000000003', '00000000-0000-4000-9000-000000000004', '00000000-0000-4000-9000-000000000005', '00000000-0000-4000-9000-000000000006', '00000000-0000-4000-9000-000000000007', '00000000-0000-4000-9000-000000000008', '00000000-0000-4000-9000-000000000009', '00000000-0000-4000-9000-000000000010', '00000000-0000-4000-9000-000000000011', '00000000-0000-4000-9000-000000000012', '00000000-0000-4000-9000-000000000013', '00000000-0000-4000-9000-000000000014']::uuid[], '00000000-0000-4000-8000-000000000001') on conflict (level) do nothing;
insert into public.level_tests (level, category, title, pass_condition, trick_ids, source_id) values (2, '倒立系', '縄の中で出来る技を習得して筋力をつけよう', '記載技をすべてクリア', array['00000000-0000-4000-9000-000000000015', '00000000-0000-4000-9000-000000000016', '00000000-0000-4000-9000-000000000017', '00000000-0000-4000-9000-000000000018', '00000000-0000-4000-9000-000000000019', '00000000-0000-4000-9000-000000000020', '00000000-0000-4000-9000-000000000021', '00000000-0000-4000-9000-000000000022', '00000000-0000-4000-9000-000000000023', '00000000-0000-4000-9000-000000000024']::uuid[], '00000000-0000-4000-8000-000000000001') on conflict (level) do nothing;
insert into public.level_tests (level, category, title, pass_condition, trick_ids, source_id) values (3, '倒立系', '手で支えて回転しよう', '記載技をすべてクリア', array['00000000-0000-4000-9000-000000000025', '00000000-0000-4000-9000-000000000026', '00000000-0000-4000-9000-000000000027', '00000000-0000-4000-9000-000000000028', '00000000-0000-4000-9000-000000000029', '00000000-0000-4000-9000-000000000030', '00000000-0000-4000-9000-000000000031', '00000000-0000-4000-9000-000000000032', '00000000-0000-4000-9000-000000000033', '00000000-0000-4000-9000-000000000034', '00000000-0000-4000-9000-000000000035', '00000000-0000-4000-9000-000000000036']::uuid[], '00000000-0000-4000-8000-000000000001') on conflict (level) do nothing;
insert into public.level_tests (level, category, title, pass_condition, trick_ids, source_id) values (4, '倒立系', '空中回転の感覚を養おう', '記載技をすべてクリア', array['00000000-0000-4000-9000-000000000037', '00000000-0000-4000-9000-000000000038', '00000000-0000-4000-9000-000000000039', '00000000-0000-4000-9000-000000000040', '00000000-0000-4000-9000-000000000041', '00000000-0000-4000-9000-000000000042', '00000000-0000-4000-9000-000000000043', '00000000-0000-4000-9000-000000000044', '00000000-0000-4000-9000-000000000045', '00000000-0000-4000-9000-000000000046', '00000000-0000-4000-9000-000000000047']::uuid[], '00000000-0000-4000-8000-000000000001') on conflict (level) do nothing;
insert into public.level_tests (level, category, title, pass_condition, trick_ids, source_id) values (5, '倒立系', '瞬発力を身に着けよう', '記載技をすべてクリア', array['00000000-0000-4000-9000-000000000048', '00000000-0000-4000-9000-000000000049', '00000000-0000-4000-9000-000000000050', '00000000-0000-4000-9000-000000000051', '00000000-0000-4000-9000-000000000052', '00000000-0000-4000-9000-000000000053']::uuid[], '00000000-0000-4000-8000-000000000001') on conflict (level) do nothing;
insert into public.level_tests (level, category, title, pass_condition, trick_ids, source_id) values (6, '小技発展', '定番アクロ', '以下の技から6個クリアで合格', array['00000000-0000-4000-9000-000000000054', '00000000-0000-4000-9000-000000000055', '00000000-0000-4000-9000-000000000056', '00000000-0000-4000-9000-000000000057', '00000000-0000-4000-9000-000000000058', '00000000-0000-4000-9000-000000000059', '00000000-0000-4000-9000-000000000060', '00000000-0000-4000-9000-000000000061', '00000000-0000-4000-9000-000000000062', '00000000-0000-4000-9000-000000000063', '00000000-0000-4000-9000-000000000064', '00000000-0000-4000-9000-000000000065', '00000000-0000-4000-9000-000000000066', '00000000-0000-4000-9000-000000000067', '00000000-0000-4000-9000-000000000068', '00000000-0000-4000-9000-000000000069', '00000000-0000-4000-9000-000000000070', '00000000-0000-4000-9000-000000000071']::uuid[], '00000000-0000-4000-8000-000000000001') on conflict (level) do nothing;
insert into public.level_tests (level, category, title, pass_condition, trick_ids, source_id) values (7, '空中系基礎', '空中系基礎', '以下の技から3個クリアで合格', array['00000000-0000-4000-9000-000000000072', '00000000-0000-4000-9000-000000000073', '00000000-0000-4000-9000-000000000074', '00000000-0000-4000-9000-000000000075', '00000000-0000-4000-9000-000000000076', '00000000-0000-4000-9000-000000000077', '00000000-0000-4000-9000-000000000078', '00000000-0000-4000-9000-000000000079', '00000000-0000-4000-9000-000000000080', '00000000-0000-4000-9000-000000000081', '00000000-0000-4000-9000-000000000082', '00000000-0000-4000-9000-000000000083', '00000000-0000-4000-9000-000000000084', '00000000-0000-4000-9000-000000000085', '00000000-0000-4000-9000-000000000086']::uuid[], '00000000-0000-4000-8000-000000000001') on conflict (level) do nothing;
insert into public.level_tests (level, category, title, pass_condition, trick_ids, source_id) values (8, '空中系応用', '空中系応用', '以下の技から3個クリアで合格', array['00000000-0000-4000-9000-000000000087', '00000000-0000-4000-9000-000000000088', '00000000-0000-4000-9000-000000000089', '00000000-0000-4000-9000-000000000090', '00000000-0000-4000-9000-000000000091', '00000000-0000-4000-9000-000000000092', '00000000-0000-4000-9000-000000000093', '00000000-0000-4000-9000-000000000094', '00000000-0000-4000-9000-000000000095', '00000000-0000-4000-9000-000000000096', '00000000-0000-4000-9000-000000000097', '00000000-0000-4000-9000-000000000098', '00000000-0000-4000-9000-000000000099', '00000000-0000-4000-9000-000000000100', '00000000-0000-4000-9000-000000000101', '00000000-0000-4000-9000-000000000102', '00000000-0000-4000-9000-000000000103', '00000000-0000-4000-9000-000000000104', '00000000-0000-4000-9000-000000000105', '00000000-0000-4000-9000-000000000106', '00000000-0000-4000-9000-000000000107', '00000000-0000-4000-9000-000000000108', '00000000-0000-4000-9000-000000000109']::uuid[], '00000000-0000-4000-8000-000000000001') on conflict (level) do nothing;
insert into public.level_tests (level, category, title, pass_condition, trick_ids, source_id) values (9, '空中回転1回ひねり', '空中回転1回ひねり', '以下の技から2個クリアで合格', array['00000000-0000-4000-9000-000000000110', '00000000-0000-4000-9000-000000000111', '00000000-0000-4000-9000-000000000112', '00000000-0000-4000-9000-000000000113', '00000000-0000-4000-9000-000000000114', '00000000-0000-4000-9000-000000000115', '00000000-0000-4000-9000-000000000116', '00000000-0000-4000-9000-000000000117', '00000000-0000-4000-9000-000000000118', '00000000-0000-4000-9000-000000000119', '00000000-0000-4000-9000-000000000120', '00000000-0000-4000-9000-000000000121', '00000000-0000-4000-9000-000000000122', '00000000-0000-4000-9000-000000000123', '00000000-0000-4000-9000-000000000124']::uuid[], '00000000-0000-4000-8000-000000000001') on conflict (level) do nothing;
insert into public.level_tests (level, category, title, pass_condition, trick_ids, source_id) values (10, '空中回転1回ひねり＋α', '空中回転1回ひねり＋α', '以下の技から2個クリアで合格', array['00000000-0000-4000-9000-000000000125', '00000000-0000-4000-9000-000000000126', '00000000-0000-4000-9000-000000000127', '00000000-0000-4000-9000-000000000128']::uuid[], '00000000-0000-4000-8000-000000000001') on conflict (level) do nothing;
insert into public.trick_relations (id, from_trick_id, to_trick_id, type, note, strength) values ('00000000-0000-4000-a000-000000000001', '00000000-0000-4000-9000-000000000029', '00000000-0000-4000-9000-000000000039', 'progression', '移動距離を伸ばす', 5) on conflict (from_trick_id, to_trick_id, type) do nothing;
insert into public.trick_relations (id, from_trick_id, to_trick_id, type, note, strength) values ('00000000-0000-4000-a000-000000000002', '00000000-0000-4000-9000-000000000001', '00000000-0000-4000-9000-000000000025', 'prerequisite', '肩と背中の可動域を作る', 4) on conflict (from_trick_id, to_trick_id, type) do nothing;
insert into public.trick_relations (id, from_trick_id, to_trick_id, type, note, strength) values ('00000000-0000-4000-a000-000000000003', '00000000-0000-4000-9000-000000000026', '00000000-0000-4000-9000-000000000027', 'progression', '後方への倒れ込みに慣れる', 4) on conflict (from_trick_id, to_trick_id, type) do nothing;
insert into public.trick_relations (id, from_trick_id, to_trick_id, type, note, strength) values ('00000000-0000-4000-a000-000000000004', '00000000-0000-4000-9000-000000000007', '00000000-0000-4000-9000-000000000030', 'prerequisite', '回転の受け身を先に固める', 3) on conflict (from_trick_id, to_trick_id, type) do nothing;
insert into public.trick_relations (id, from_trick_id, to_trick_id, type, note, strength) values ('00000000-0000-4000-a000-000000000005', '00000000-0000-4000-9000-000000000008', '00000000-0000-4000-9000-000000000031', 'progression', '膝を伸ばした後方回転へ発展', 3) on conflict (from_trick_id, to_trick_id, type) do nothing;
insert into public.trick_relations (id, from_trick_id, to_trick_id, type, note, strength) values ('00000000-0000-4000-a000-000000000006', '00000000-0000-4000-9000-000000000028', '00000000-0000-4000-9000-000000000032', 'prerequisite', '倒立経由の横回転を反発へつなげる', 5) on conflict (from_trick_id, to_trick_id, type) do nothing;
insert into public.trick_relations (id, from_trick_id, to_trick_id, type, note, strength) values ('00000000-0000-4000-a000-000000000007', '00000000-0000-4000-9000-000000000032', '00000000-0000-4000-9000-000000000056', 'progression', 'ロンダートから後方技へ接続', 5) on conflict (from_trick_id, to_trick_id, type) do nothing;
insert into public.trick_relations (id, from_trick_id, to_trick_id, type, note, strength) values ('00000000-0000-4000-a000-000000000008', '00000000-0000-4000-9000-000000000032', '00000000-0000-4000-9000-000000000072', 'progression', 'ロンダートの反発を空中回転に使う', 5) on conflict (from_trick_id, to_trick_id, type) do nothing;
insert into public.trick_relations (id, from_trick_id, to_trick_id, type, note, strength) values ('00000000-0000-4000-a000-000000000009', '00000000-0000-4000-9000-000000000053', '00000000-0000-4000-9000-000000000090', 'progression', '連続後方技への入り口', 5) on conflict (from_trick_id, to_trick_id, type) do nothing;
insert into public.trick_relations (id, from_trick_id, to_trick_id, type, note, strength) values ('00000000-0000-4000-a000-000000000010', '00000000-0000-4000-9000-000000000056', '00000000-0000-4000-9000-000000000093', 'progression', 'ロンバクの反発から宙返りへ', 5) on conflict (from_trick_id, to_trick_id, type) do nothing;
insert into public.trick_relations (id, from_trick_id, to_trick_id, type, note, strength) values ('00000000-0000-4000-a000-000000000011', '00000000-0000-4000-9000-000000000037', '00000000-0000-4000-9000-000000000077', 'progression', '水平軌道にひねりを加える', 4) on conflict (from_trick_id, to_trick_id, type) do nothing;
insert into public.trick_relations (id, from_trick_id, to_trick_id, type, note, strength) values ('00000000-0000-4000-a000-000000000012', '00000000-0000-4000-9000-000000000038', '00000000-0000-4000-9000-000000000095', 'progression', '側方系の空中姿勢にひねりを追加', 4) on conflict (from_trick_id, to_trick_id, type) do nothing;
insert into public.trick_relations (id, from_trick_id, to_trick_id, type, note, strength) values ('00000000-0000-4000-a000-000000000013', '00000000-0000-4000-9000-000000000040', '00000000-0000-4000-9000-000000000117', 'progression', 'スクートの入りからフルツイストへ', 4) on conflict (from_trick_id, to_trick_id, type) do nothing;
insert into public.trick_relations (id, from_trick_id, to_trick_id, type, note, strength) values ('00000000-0000-4000-a000-000000000014', '00000000-0000-4000-9000-000000000058', '00000000-0000-4000-9000-000000000119', 'progression', '支持点を使ったライズ発展', 4) on conflict (from_trick_id, to_trick_id, type) do nothing;
insert into public.trick_relations (id, from_trick_id, to_trick_id, type, note, strength) values ('00000000-0000-4000-a000-000000000015', '00000000-0000-4000-9000-000000000069', '00000000-0000-4000-9000-000000000083', 'prerequisite', '床への落とし込みと回転感覚を共有', 3) on conflict (from_trick_id, to_trick_id, type) do nothing;
insert into public.trick_relations (id, from_trick_id, to_trick_id, type, note, strength) values ('00000000-0000-4000-a000-000000000016', '00000000-0000-4000-9000-000000000083', '00000000-0000-4000-9000-000000000107', 'variation', '同系統の床回転バリエーション', 3) on conflict (from_trick_id, to_trick_id, type) do nothing;
insert into public.trick_relations (id, from_trick_id, to_trick_id, type, note, strength) values ('00000000-0000-4000-a000-000000000017', '00000000-0000-4000-9000-000000000072', '00000000-0000-4000-9000-000000000112', 'progression', '宙返りに1回ひねりを追加', 5) on conflict (from_trick_id, to_trick_id, type) do nothing;
insert into public.trick_relations (id, from_trick_id, to_trick_id, type, note, strength) values ('00000000-0000-4000-a000-000000000018', '00000000-0000-4000-9000-000000000091', '00000000-0000-4000-9000-000000000111', 'progression', '連続性と高さを強化', 4) on conflict (from_trick_id, to_trick_id, type) do nothing;
insert into public.trick_relations (id, from_trick_id, to_trick_id, type, note, strength) values ('00000000-0000-4000-a000-000000000019', '00000000-0000-4000-9000-000000000028', '00000000-0000-4000-9000-000000000060', 'variation', '側転系のひねり変化', 3) on conflict (from_trick_id, to_trick_id, type) do nothing;
insert into public.trick_relations (id, from_trick_id, to_trick_id, type, note, strength) values ('00000000-0000-4000-a000-000000000020', '00000000-0000-4000-9000-000000000060', '00000000-0000-4000-9000-000000000116', 'progression', 'カート系フルツイストへ発展', 4) on conflict (from_trick_id, to_trick_id, type) do nothing;
insert into public.trick_relations (id, from_trick_id, to_trick_id, type, note, strength) values ('00000000-0000-4000-a000-000000000021', '00000000-0000-4000-9000-000000000078', '00000000-0000-4000-9000-000000000098', 'progression', 'カート系からアラビアンへつなぐ', 4) on conflict (from_trick_id, to_trick_id, type) do nothing;
insert into public.trick_relations (id, from_trick_id, to_trick_id, type, note, strength) values ('00000000-0000-4000-a000-000000000022', '00000000-0000-4000-9000-000000000062', '00000000-0000-4000-9000-000000000110', 'progression', '蹴り上げとひねりの発展', 4) on conflict (from_trick_id, to_trick_id, type) do nothing;
insert into public.trick_relations (id, from_trick_id, to_trick_id, type, note, strength) values ('00000000-0000-4000-a000-000000000023', '00000000-0000-4000-9000-000000000009', '00000000-0000-4000-9000-000000000007', 'prerequisite', '空中系アクロバット相関図を参考に追加', 3) on conflict (from_trick_id, to_trick_id, type) do nothing;
insert into public.trick_relations (id, from_trick_id, to_trick_id, type, note, strength) values ('00000000-0000-4000-a000-000000000024', '00000000-0000-4000-9000-000000000009', '00000000-0000-4000-9000-000000000002', 'prerequisite', '空中系アクロバット相関図を参考に追加', 3) on conflict (from_trick_id, to_trick_id, type) do nothing;
insert into public.trick_relations (id, from_trick_id, to_trick_id, type, note, strength) values ('00000000-0000-4000-a000-000000000025', '00000000-0000-4000-9000-000000000009', '00000000-0000-4000-9000-000000000034', 'prerequisite', '空中系アクロバット相関図を参考に追加', 3) on conflict (from_trick_id, to_trick_id, type) do nothing;
insert into public.trick_relations (id, from_trick_id, to_trick_id, type, note, strength) values ('00000000-0000-4000-a000-000000000026', '00000000-0000-4000-9000-000000000009', '00000000-0000-4000-9000-000000000008', 'prerequisite', '空中系アクロバット相関図を参考に追加', 3) on conflict (from_trick_id, to_trick_id, type) do nothing;
insert into public.trick_relations (id, from_trick_id, to_trick_id, type, note, strength) values ('00000000-0000-4000-a000-000000000027', '00000000-0000-4000-9000-000000000007', '00000000-0000-4000-9000-000000000002', 'progression', '空中系アクロバット相関図を参考に追加', 2) on conflict (from_trick_id, to_trick_id, type) do nothing;
insert into public.trick_relations (id, from_trick_id, to_trick_id, type, note, strength) values ('00000000-0000-4000-a000-000000000028', '00000000-0000-4000-9000-000000000007', '00000000-0000-4000-9000-000000000042', 'progression', '空中系アクロバット相関図を参考に追加', 3) on conflict (from_trick_id, to_trick_id, type) do nothing;
insert into public.trick_relations (id, from_trick_id, to_trick_id, type, note, strength) values ('00000000-0000-4000-a000-000000000029', '00000000-0000-4000-9000-000000000007', '00000000-0000-4000-9000-000000000044', 'progression', '空中系アクロバット相関図を参考に追加', 3) on conflict (from_trick_id, to_trick_id, type) do nothing;
insert into public.trick_relations (id, from_trick_id, to_trick_id, type, note, strength) values ('00000000-0000-4000-a000-000000000030', '00000000-0000-4000-9000-000000000042', '00000000-0000-4000-9000-000000000074', 'progression', '空中系アクロバット相関図を参考に追加', 3) on conflict (from_trick_id, to_trick_id, type) do nothing;
insert into public.trick_relations (id, from_trick_id, to_trick_id, type, note, strength) values ('00000000-0000-4000-a000-000000000031', '00000000-0000-4000-9000-000000000041', '00000000-0000-4000-9000-000000000074', 'progression', '空中系アクロバット相関図を参考に追加', 3) on conflict (from_trick_id, to_trick_id, type) do nothing;
insert into public.trick_relations (id, from_trick_id, to_trick_id, type, note, strength) values ('00000000-0000-4000-a000-000000000032', '00000000-0000-4000-9000-000000000074', '00000000-0000-4000-9000-000000000099', 'progression', '空中系アクロバット相関図を参考に追加', 3) on conflict (from_trick_id, to_trick_id, type) do nothing;
insert into public.trick_relations (id, from_trick_id, to_trick_id, type, note, strength) values ('00000000-0000-4000-a000-000000000033', '00000000-0000-4000-9000-000000000084', '00000000-0000-4000-9000-000000000099', 'progression', '空中系アクロバット相関図を参考に追加', 3) on conflict (from_trick_id, to_trick_id, type) do nothing;
insert into public.trick_relations (id, from_trick_id, to_trick_id, type, note, strength) values ('00000000-0000-4000-a000-000000000034', '00000000-0000-4000-9000-000000000034', '00000000-0000-4000-9000-000000000030', 'progression', '空中系アクロバット相関図を参考に追加', 3) on conflict (from_trick_id, to_trick_id, type) do nothing;
insert into public.trick_relations (id, from_trick_id, to_trick_id, type, note, strength) values ('00000000-0000-4000-a000-000000000035', '00000000-0000-4000-9000-000000000034', '00000000-0000-4000-9000-000000000050', 'progression', '空中系アクロバット相関図を参考に追加', 3) on conflict (from_trick_id, to_trick_id, type) do nothing;
insert into public.trick_relations (id, from_trick_id, to_trick_id, type, note, strength) values ('00000000-0000-4000-a000-000000000036', '00000000-0000-4000-9000-000000000034', '00000000-0000-4000-9000-000000000041', 'progression', '空中系アクロバット相関図を参考に追加', 3) on conflict (from_trick_id, to_trick_id, type) do nothing;
insert into public.trick_relations (id, from_trick_id, to_trick_id, type, note, strength) values ('00000000-0000-4000-a000-000000000037', '00000000-0000-4000-9000-000000000034', '00000000-0000-4000-9000-000000000028', 'progression', '空中系アクロバット相関図を参考に追加', 3) on conflict (from_trick_id, to_trick_id, type) do nothing;
insert into public.trick_relations (id, from_trick_id, to_trick_id, type, note, strength) values ('00000000-0000-4000-a000-000000000038', '00000000-0000-4000-9000-000000000034', '00000000-0000-4000-9000-000000000022', 'progression', '空中系アクロバット相関図を参考に追加', 3) on conflict (from_trick_id, to_trick_id, type) do nothing;
insert into public.trick_relations (id, from_trick_id, to_trick_id, type, note, strength) values ('00000000-0000-4000-a000-000000000039', '00000000-0000-4000-9000-000000000001', '00000000-0000-4000-9000-000000000033', 'prerequisite', '空中系アクロバット相関図を参考に追加', 3) on conflict (from_trick_id, to_trick_id, type) do nothing;
insert into public.trick_relations (id, from_trick_id, to_trick_id, type, note, strength) values ('00000000-0000-4000-a000-000000000040', '00000000-0000-4000-9000-000000000001', '00000000-0000-4000-9000-000000000053', 'prerequisite', '空中系アクロバット相関図を参考に追加', 3) on conflict (from_trick_id, to_trick_id, type) do nothing;
insert into public.trick_relations (id, from_trick_id, to_trick_id, type, note, strength) values ('00000000-0000-4000-a000-000000000041', '00000000-0000-4000-9000-000000000033', '00000000-0000-4000-9000-000000000041', 'progression', '空中系アクロバット相関図を参考に追加', 3) on conflict (from_trick_id, to_trick_id, type) do nothing;
insert into public.trick_relations (id, from_trick_id, to_trick_id, type, note, strength) values ('00000000-0000-4000-a000-000000000042', '00000000-0000-4000-9000-000000000022', '00000000-0000-4000-9000-000000000035', 'progression', '空中系アクロバット相関図を参考に追加', 2) on conflict (from_trick_id, to_trick_id, type) do nothing;
insert into public.trick_relations (id, from_trick_id, to_trick_id, type, note, strength) values ('00000000-0000-4000-a000-000000000043', '00000000-0000-4000-9000-000000000022', '00000000-0000-4000-9000-000000000053', 'progression', '空中系アクロバット相関図を参考に追加', 3) on conflict (from_trick_id, to_trick_id, type) do nothing;
insert into public.trick_relations (id, from_trick_id, to_trick_id, type, note, strength) values ('00000000-0000-4000-a000-000000000044', '00000000-0000-4000-9000-000000000053', '00000000-0000-4000-9000-000000000047', 'progression', '空中系アクロバット相関図を参考に追加', 3) on conflict (from_trick_id, to_trick_id, type) do nothing;
insert into public.trick_relations (id, from_trick_id, to_trick_id, type, note, strength) values ('00000000-0000-4000-a000-000000000045', '00000000-0000-4000-9000-000000000047', '00000000-0000-4000-9000-000000000056', 'progression', '空中系アクロバット相関図を参考に追加', 3) on conflict (from_trick_id, to_trick_id, type) do nothing;
insert into public.trick_relations (id, from_trick_id, to_trick_id, type, note, strength) values ('00000000-0000-4000-a000-000000000046', '00000000-0000-4000-9000-000000000053', '00000000-0000-4000-9000-000000000080', 'progression', '空中系アクロバット相関図を参考に追加', 3) on conflict (from_trick_id, to_trick_id, type) do nothing;
insert into public.trick_relations (id, from_trick_id, to_trick_id, type, note, strength) values ('00000000-0000-4000-a000-000000000047', '00000000-0000-4000-9000-000000000056', '00000000-0000-4000-9000-000000000072', 'progression', '空中系アクロバット相関図を参考に追加', 3) on conflict (from_trick_id, to_trick_id, type) do nothing;
insert into public.trick_relations (id, from_trick_id, to_trick_id, type, note, strength) values ('00000000-0000-4000-a000-000000000048', '00000000-0000-4000-9000-000000000072', '00000000-0000-4000-9000-000000000079', 'variation', '空中系アクロバット相関図を参考に追加', 2) on conflict (from_trick_id, to_trick_id, type) do nothing;
insert into public.trick_relations (id, from_trick_id, to_trick_id, type, note, strength) values ('00000000-0000-4000-a000-000000000049', '00000000-0000-4000-9000-000000000072', '00000000-0000-4000-9000-000000000094', 'progression', '空中系アクロバット相関図を参考に追加', 3) on conflict (from_trick_id, to_trick_id, type) do nothing;
insert into public.trick_relations (id, from_trick_id, to_trick_id, type, note, strength) values ('00000000-0000-4000-a000-000000000050', '00000000-0000-4000-9000-000000000097', '00000000-0000-4000-9000-000000000072', 'progression', '空中系アクロバット相関図を参考に追加', 2) on conflict (from_trick_id, to_trick_id, type) do nothing;
insert into public.trick_relations (id, from_trick_id, to_trick_id, type, note, strength) values ('00000000-0000-4000-a000-000000000051', '00000000-0000-4000-9000-000000000073', '00000000-0000-4000-9000-000000000097', 'progression', '空中系アクロバット相関図を参考に追加', 3) on conflict (from_trick_id, to_trick_id, type) do nothing;
insert into public.trick_relations (id, from_trick_id, to_trick_id, type, note, strength) values ('00000000-0000-4000-a000-000000000052', '00000000-0000-4000-9000-000000000073', '00000000-0000-4000-9000-000000000108', 'progression', '空中系アクロバット相関図を参考に追加', 3) on conflict (from_trick_id, to_trick_id, type) do nothing;
insert into public.trick_relations (id, from_trick_id, to_trick_id, type, note, strength) values ('00000000-0000-4000-a000-000000000053', '00000000-0000-4000-9000-000000000108', '00000000-0000-4000-9000-000000000116', 'progression', '空中系アクロバット相関図を参考に追加', 3) on conflict (from_trick_id, to_trick_id, type) do nothing;
insert into public.trick_relations (id, from_trick_id, to_trick_id, type, note, strength) values ('00000000-0000-4000-a000-000000000054', '00000000-0000-4000-9000-000000000028', '00000000-0000-4000-9000-000000000036', 'progression', '空中系アクロバット相関図を参考に追加', 3) on conflict (from_trick_id, to_trick_id, type) do nothing;
insert into public.trick_relations (id, from_trick_id, to_trick_id, type, note, strength) values ('00000000-0000-4000-a000-000000000055', '00000000-0000-4000-9000-000000000036', '00000000-0000-4000-9000-000000000046', 'progression', '空中系アクロバット相関図を参考に追加', 3) on conflict (from_trick_id, to_trick_id, type) do nothing;
insert into public.trick_relations (id, from_trick_id, to_trick_id, type, note, strength) values ('00000000-0000-4000-a000-000000000056', '00000000-0000-4000-9000-000000000046', '00000000-0000-4000-9000-000000000032', 'progression', '空中系アクロバット相関図を参考に追加', 3) on conflict (from_trick_id, to_trick_id, type) do nothing;
insert into public.trick_relations (id, from_trick_id, to_trick_id, type, note, strength) values ('00000000-0000-4000-a000-000000000057', '00000000-0000-4000-9000-000000000028', '00000000-0000-4000-9000-000000000045', 'variation', '空中系アクロバット相関図を参考に追加', 2) on conflict (from_trick_id, to_trick_id, type) do nothing;
insert into public.trick_relations (id, from_trick_id, to_trick_id, type, note, strength) values ('00000000-0000-4000-a000-000000000058', '00000000-0000-4000-9000-000000000045', '00000000-0000-4000-9000-000000000077', 'progression', '空中系アクロバット相関図を参考に追加', 3) on conflict (from_trick_id, to_trick_id, type) do nothing;
insert into public.trick_relations (id, from_trick_id, to_trick_id, type, note, strength) values ('00000000-0000-4000-a000-000000000059', '00000000-0000-4000-9000-000000000045', '00000000-0000-4000-9000-000000000095', 'progression', '空中系アクロバット相関図を参考に追加', 3) on conflict (from_trick_id, to_trick_id, type) do nothing;
insert into public.trick_relations (id, from_trick_id, to_trick_id, type, note, strength) values ('00000000-0000-4000-a000-000000000060', '00000000-0000-4000-9000-000000000045', '00000000-0000-4000-9000-000000000116', 'progression', '空中系アクロバット相関図を参考に追加', 3) on conflict (from_trick_id, to_trick_id, type) do nothing;
insert into public.trick_relations (id, from_trick_id, to_trick_id, type, note, strength) values ('00000000-0000-4000-a000-000000000061', '00000000-0000-4000-9000-000000000077', '00000000-0000-4000-9000-000000000116', 'progression', '空中系アクロバット相関図を参考に追加', 3) on conflict (from_trick_id, to_trick_id, type) do nothing;
insert into public.trick_relations (id, from_trick_id, to_trick_id, type, note, strength) values ('00000000-0000-4000-a000-000000000062', '00000000-0000-4000-9000-000000000095', '00000000-0000-4000-9000-000000000110', 'progression', '空中系アクロバット相関図を参考に追加', 3) on conflict (from_trick_id, to_trick_id, type) do nothing;
insert into public.trick_relations (id, from_trick_id, to_trick_id, type, note, strength) values ('00000000-0000-4000-a000-000000000063', '00000000-0000-4000-9000-000000000077', '00000000-0000-4000-9000-000000000095', 'variation', '空中系アクロバット相関図を参考に追加', 2) on conflict (from_trick_id, to_trick_id, type) do nothing;
insert into public.trick_relations (id, from_trick_id, to_trick_id, type, note, strength) values ('00000000-0000-4000-a000-000000000064', '00000000-0000-4000-9000-000000000043', '00000000-0000-4000-9000-000000000058', 'progression', '空中系アクロバット相関図を参考に追加', 3) on conflict (from_trick_id, to_trick_id, type) do nothing;
insert into public.trick_relations (id, from_trick_id, to_trick_id, type, note, strength) values ('00000000-0000-4000-a000-000000000065', '00000000-0000-4000-9000-000000000058', '00000000-0000-4000-9000-000000000063', 'progression', '空中系アクロバット相関図を参考に追加', 3) on conflict (from_trick_id, to_trick_id, type) do nothing;
insert into public.trick_relations (id, from_trick_id, to_trick_id, type, note, strength) values ('00000000-0000-4000-a000-000000000066', '00000000-0000-4000-9000-000000000058', '00000000-0000-4000-9000-000000000059', 'progression', '空中系アクロバット相関図を参考に追加', 3) on conflict (from_trick_id, to_trick_id, type) do nothing;
insert into public.trick_relations (id, from_trick_id, to_trick_id, type, note, strength) values ('00000000-0000-4000-a000-000000000067', '00000000-0000-4000-9000-000000000058', '00000000-0000-4000-9000-000000000077', 'progression', '空中系アクロバット相関図を参考に追加', 3) on conflict (from_trick_id, to_trick_id, type) do nothing;
insert into public.trick_relations (id, from_trick_id, to_trick_id, type, note, strength) values ('00000000-0000-4000-a000-000000000068', '00000000-0000-4000-9000-000000000117', '00000000-0000-4000-9000-000000000110', 'progression', '空中系アクロバット相関図を参考に追加', 3) on conflict (from_trick_id, to_trick_id, type) do nothing;
insert into public.trick_relations (id, from_trick_id, to_trick_id, type, note, strength) values ('00000000-0000-4000-a000-000000000069', '00000000-0000-4000-9000-000000000081', '00000000-0000-4000-9000-000000000110', 'progression', '空中系アクロバット相関図を参考に追加', 3) on conflict (from_trick_id, to_trick_id, type) do nothing;
insert into public.trick_relations (id, from_trick_id, to_trick_id, type, note, strength) values ('00000000-0000-4000-a000-000000000070', '00000000-0000-4000-9000-000000000003', '00000000-0000-4000-9000-000000000082', 'progression', '空中系アクロバット相関図を参考に追加', 3) on conflict (from_trick_id, to_trick_id, type) do nothing;
insert into public.trick_relations (id, from_trick_id, to_trick_id, type, note, strength) values ('00000000-0000-4000-a000-000000000071', '00000000-0000-4000-9000-000000000008', '00000000-0000-4000-9000-000000000003', 'progression', '空中系アクロバット相関図を参考に追加', 2) on conflict (from_trick_id, to_trick_id, type) do nothing;
insert into public.trick_relations (id, from_trick_id, to_trick_id, type, note, strength) values ('00000000-0000-4000-a000-000000000072', '00000000-0000-4000-9000-000000000085', '00000000-0000-4000-9000-000000000086', 'progression', '空中系アクロバット相関図を参考に追加', 2) on conflict (from_trick_id, to_trick_id, type) do nothing;
insert into public.trick_relations (id, from_trick_id, to_trick_id, type, note, strength) values ('00000000-0000-4000-a000-000000000073', '00000000-0000-4000-9000-000000000086', '00000000-0000-4000-9000-000000000079', 'progression', '空中系アクロバット相関図を参考に追加', 3) on conflict (from_trick_id, to_trick_id, type) do nothing;
insert into public.trick_relations (id, from_trick_id, to_trick_id, type, note, strength) values ('00000000-0000-4000-a000-000000000074', '00000000-0000-4000-9000-000000000086', '00000000-0000-4000-9000-000000000081', 'progression', '空中系アクロバット相関図を参考に追加', 3) on conflict (from_trick_id, to_trick_id, type) do nothing;
commit;
